DATASET,C,R,FLOW_M3-S,START_YR,END_YR,ID,S_PER,E_PER,S_DAY,E_DAY,FLOW_M3D,CVE_ENT,ODE,NOM_MUN,CODE
SACM,9,3,-0.000274537,1984,1985,224,1,2,0,31,-23.72,9,15,0,9015
SACM,3,10,-0.000544329,1984,1985,229,1,2,0,31,-47.03,15,58,0,15058
SACM,3,9,-0.000549769,1984,1985,230,1,2,0,31,-47.5,9,15,0,9015
SACM,7,4,-0.000372801,1984,1985,231,1,2,0,31,-32.21,15,58,0,15058
SACM,3,3,-6.89E-05,1984,1985,232,1,2,0,31,-5.95,15,58,0,15058
SACM,7,7,-0.000188773,1984,1985,233,1,2,0,31,-16.31,9,2,0,9002
SACM,8,7,-0.000606019,1984,1985,234,1,2,0,31,-52.36,15,33,0,15033
SACM,4,3,-0.000776042,1984,1985,235,1,2,0,31,-67.05,15,33,0,15033
SACM,4,4,-0.000449306,1984,1985,236,1,2,0,31,-38.82,15,58,0,15058
SACM,4,5,-0.000494213,1984,1985,241,1,2,0,31,-42.7,15,33,0,15033
SACM,5,3,-0.000102199,1984,1985,242,1,2,0,31,-8.83,15,33,0,15033
SACM,5,4,-0.001233912,1984,1985,243,1,2,0,31,-106.61,9,2,0,9002
SACM,5,5,-0.000785301,1984,1985,245,1,2,0,31,-67.85,15,33,0,15033
SACM,4,10,-0.000979745,1984,1985,246,1,2,0,31,-84.65,9,2,0,9002
SACM,8,3,-0.000425231,1984,1985,248,1,2,0,31,-36.74,9,2,0,9002
SACM,3,8,-6.98E-05,1984,1985,251,1,2,0,31,-6.03,9,2,0,9002
SACM,7,3,-0.000506944,1984,1985,253,1,2,0,31,-43.8,9,2,0,9002
SACM,8,4,-0.000109722,1984,1985,254,1,2,0,31,-9.48,9,2,0,9002
SACM,3,4,-0.000228356,1984,1985,259,1,2,0,31,-19.73,9,2,0,9002
SACM,7,8,-0.000112616,1984,1985,263,1,2,0,31,-9.73,9,15,0,9015
SACM,7,9,-0.000169907,1984,1985,266,1,2,0,31,-14.68,15,58,0,15058
SACM,9,4,-0.000648727,1984,1985,267,1,2,0,31,-56.05,9,15,0,9015
SACM,8,8,-0.000589468,1984,1985,268,1,2,0,31,-50.93,15,58,0,15058
SACM,8,9,-0.000451042,1984,1985,270,1,2,0,31,-38.97,9,15,0,9015
SACM,3,5,-0.0002625,1984,1985,275,1,2,0,31,-22.68,15,58,0,15058
SACM,8,7,-0.000348495,1984,1985,276,1,2,0,31,-30.11,15,58,0,15058
SACM,4,3,-0.000482523,1984,1985,279,1,2,0,31,-41.69,9,15,0,9015
SACM,4,4,-2.00E-05,1984,1985,280,1,2,0,31,-1.73,9,15,0,9015
SACM,4,5,-0.000461574,1984,1985,282,1,2,0,31,-39.88,15,58,0,15058
SACM,5,3,-0.00102963,1984,1985,285,1,2,0,31,-88.96,9,2,0,9002
SACM,5,4,-0.000496528,1984,1985,286,1,2,0,31,-42.9,15,33,0,15033
SACM,5,5,-0.000603241,1984,1985,288,1,2,0,31,-52.12,15,33,0,15033
SACM,4,10,-0.000319792,1984,1985,292,1,2,0,31,-27.63,9,2,0,9002
SACM,8,3,-0.000101389,1984,1985,293,1,2,0,31,-8.76,9,2,0,9002
SACM,3,8,-0.000148148,1984,1985,295,1,2,0,31,-12.8,9,2,0,9002
SACM,8,3,-0.000239699,1984,1985,296,1,2,0,31,-20.71,9,2,0,9002
SACM,3,8,-0.000565972,1984,1985,298,1,2,0,31,-48.9,9,2,0,9002
SACM,7,3,-0.001190394,1984,1985,300,1,2,0,31,-102.85,9,2,0,9002
SACM,9,3,-0.000247222,1984,1985,224,2,3,31,59,-21.36,9,15,0,9015
SACM,3,10,-0.000564352,1984,1985,229,2,3,31,59,-48.76,15,58,0,15058
SACM,3,9,-0.000527315,1984,1985,230,2,3,31,59,-45.56,9,15,0,9015
SACM,7,4,-0.000348611,1984,1985,231,2,3,31,59,-30.12,15,58,0,15058
SACM,3,3,-8.29E-05,1984,1985,232,2,3,31,59,-7.16,15,58,0,15058
SACM,7,7,-0.000189815,1984,1985,233,2,3,31,59,-16.4,9,2,0,9002
SACM,8,7,-0.000600347,1984,1985,234,2,3,31,59,-51.87,15,33,0,15033
SACM,4,3,-0.000777546,1984,1985,235,2,3,31,59,-67.18,15,33,0,15033
SACM,4,4,-0.000222454,1984,1985,236,2,3,31,59,-19.22,15,58,0,15058
SACM,4,5,-0.00057419,1984,1985,241,2,3,31,59,-49.61,15,33,0,15033
SACM,5,3,-0.000103935,1984,1985,242,2,3,31,59,-8.98,15,33,0,15033
SACM,5,4,-0.001267245,1984,1985,243,2,3,31,59,-109.49,9,2,0,9002
SACM,5,5,-0.000780556,1984,1985,245,2,3,31,59,-67.44,15,33,0,15033
SACM,4,10,-0.000995949,1984,1985,246,2,3,31,59,-86.05,9,2,0,9002
SACM,8,3,-0.000423611,1984,1985,248,2,3,31,59,-36.6,9,2,0,9002
SACM,3,8,-7.45E-05,1984,1985,251,2,3,31,59,-6.44,9,2,0,9002
SACM,7,3,-0.000477894,1984,1985,253,2,3,31,59,-41.29,9,2,0,9002
SACM,8,4,-0.000090625,1984,1985,254,2,3,31,59,-7.83,9,2,0,9002
SACM,3,4,-0.00025,1984,1985,259,2,3,31,59,-21.6,9,2,0,9002
SACM,7,8,-0.00010706,1984,1985,263,2,3,31,59,-9.25,9,15,0,9015
SACM,7,9,-0.000177546,1984,1985,266,2,3,31,59,-15.34,15,58,0,15058
SACM,9,4,-0.000678009,1984,1985,267,2,3,31,59,-58.58,9,15,0,9015
SACM,8,8,-0.000584722,1984,1985,268,2,3,31,59,-50.52,15,58,0,15058
SACM,8,9,-0.00043669,1984,1985,270,2,3,31,59,-37.73,9,15,0,9015
SACM,3,5,-0.000246875,1984,1985,275,2,3,31,59,-21.33,15,58,0,15058
SACM,8,7,-0.000619792,1984,1985,276,2,3,31,59,-53.55,15,58,0,15058
SACM,4,3,-0.000581944,1984,1985,279,2,3,31,59,-50.28,9,15,0,9015
SACM,4,4,-0.000460764,1984,1985,280,2,3,31,59,-39.81,9,15,0,9015
SACM,4,5,-0.000468634,1984,1985,282,2,3,31,59,-40.49,15,58,0,15058
SACM,5,3,-0.001036921,1984,1985,285,2,3,31,59,-89.59,9,2,0,9002
SACM,5,4,-0.000496991,1984,1985,286,2,3,31,59,-42.94,15,33,0,15033
SACM,5,5,-0.000532639,1984,1985,288,2,3,31,59,-46.02,15,33,0,15033
SACM,4,10,-0.000390046,1984,1985,292,2,3,31,59,-33.7,9,2,0,9002
SACM,8,3,-0.000103125,1984,1985,293,2,3,31,59,-8.91,9,2,0,9002
SACM,3,8,-0.000150694,1984,1985,295,2,3,31,59,-13.02,9,2,0,9002
SACM,8,3,-0.000216551,1984,1985,296,2,3,31,59,-18.71,9,2,0,9002
SACM,3,8,-0.000565972,1984,1985,298,2,3,31,59,-48.9,9,2,0,9002
SACM,7,3,-0.001194213,1984,1985,300,2,3,31,59,-103.18,9,2,0,9002
SACM,9,3,-0.000295255,1984,1985,224,3,4,59,90,-25.51,9,15,0,9015
SACM,3,10,-0.000532986,1984,1985,229,3,4,59,90,-46.05,15,58,0,15058
SACM,3,9,-0.000358449,1984,1985,230,3,4,59,90,-30.97,9,15,0,9015
SACM,7,4,-0.000336343,1984,1985,231,3,4,59,90,-29.06,15,58,0,15058
SACM,3,3,-7.26E-05,1984,1985,232,3,4,59,90,-6.27,15,58,0,15058
SACM,7,7,-0.000281481,1984,1985,233,3,4,59,90,-24.32,9,2,0,9002
SACM,8,7,-0.000567014,1984,1985,234,3,4,59,90,-48.99,15,33,0,15033
SACM,4,3,-0.000755208,1984,1985,235,3,4,59,90,-65.25,15,33,0,15033
SACM,4,4,-0.000265625,1984,1985,236,3,4,59,90,-22.95,15,58,0,15058
SACM,4,5,-0.000557407,1984,1985,241,3,4,59,90,-48.16,15,33,0,15033
SACM,5,3,-0.000135417,1984,1985,242,3,4,59,90,-11.7,15,33,0,15033
SACM,5,4,-0.001233912,1984,1985,243,3,4,59,90,-106.61,9,2,0,9002
SACM,5,5,-0.000754398,1984,1985,245,3,4,59,90,-65.18,15,33,0,15033
SACM,4,10,-0.00098669,1984,1985,246,3,4,59,90,-85.25,9,2,0,9002
SACM,8,3,-0.000454977,1984,1985,248,3,4,59,90,-39.31,9,2,0,9002
SACM,3,8,-9.53E-05,1984,1985,251,3,4,59,90,-8.23,9,2,0,9002
SACM,7,3,-0.000565509,1984,1985,253,3,4,59,90,-48.86,9,2,0,9002
SACM,8,4,-0.000101736,1984,1985,254,3,4,59,90,-8.79,9,2,0,9002
SACM,3,4,-0.000163542,1984,1985,259,3,4,59,90,-14.13,9,2,0,9002
SACM,7,8,-0.000107523,1984,1985,263,3,4,59,90,-9.29,9,15,0,9015
SACM,7,9,-0.000143403,1984,1985,266,3,4,59,90,-12.39,15,58,0,15058
SACM,9,4,-0.000613426,1984,1985,267,3,4,59,90,-53,9,15,0,9015
SACM,8,8,-0.000759954,1984,1985,268,3,4,59,90,-65.66,15,58,0,15058
SACM,8,9,-0.000433565,1984,1985,270,3,4,59,90,-37.46,9,15,0,9015
SACM,3,5,-0.000250579,1984,1985,275,3,4,59,90,-21.65,15,58,0,15058
SACM,8,7,-0.00065463,1984,1985,276,3,4,59,90,-56.56,15,58,0,15058
SACM,4,3,-0.000561806,1984,1985,279,3,4,59,90,-48.54,9,15,0,9015
SACM,4,4,-0.000301968,1984,1985,280,3,4,59,90,-26.09,9,15,0,9015
SACM,4,5,-0.000109491,1984,1985,282,3,4,59,90,-9.46,15,58,0,15058
SACM,5,3,-0.000886111,1984,1985,285,3,4,59,90,-76.56,9,2,0,9002
SACM,5,4,-0.000426042,1984,1985,286,3,4,59,90,-36.81,15,33,0,15033
SACM,5,5,-0.000528241,1984,1985,288,3,4,59,90,-45.64,15,33,0,15033
SACM,4,10,-0.000386111,1984,1985,292,3,4,59,90,-33.36,9,2,0,9002
SACM,8,3,-0.000103588,1984,1985,293,3,4,59,90,-8.95,9,2,0,9002
SACM,3,8,-0.000102199,1984,1985,295,3,4,59,90,-8.83,9,2,0,9002
SACM,8,3,-0.000228588,1984,1985,296,3,4,59,90,-19.75,9,2,0,9002
SACM,3,8,-0.000522685,1984,1985,298,3,4,59,90,-45.16,9,2,0,9002
SACM,7,3,-0.000787963,1984,1985,300,3,4,59,90,-68.08,9,2,0,9002
SACM,9,3,-0.000297569,1984,1985,224,4,5,90,120,-25.71,9,15,0,9015
SACM,3,10,-0.000565394,1984,1985,229,4,5,90,120,-48.85,15,58,0,15058
SACM,3,9,-0.000590741,1984,1985,230,4,5,90,120,-51.04,9,15,0,9015
SACM,7,4,-0.000337384,1984,1985,231,4,5,90,120,-29.15,15,58,0,15058
SACM,3,3,-6.98E-05,1984,1985,232,4,5,90,120,-6.03,15,58,0,15058
SACM,7,7,-0.000239352,1984,1985,233,4,5,90,120,-20.68,9,2,0,9002
SACM,8,7,-0.000593519,1984,1985,234,4,5,90,120,-51.28,15,33,0,15033
SACM,4,3,-0.000677546,1984,1985,235,4,5,90,120,-58.54,15,33,0,15033
SACM,4,4,-0.000247106,1984,1985,236,4,5,90,120,-21.35,15,58,0,15058
SACM,4,5,-0.00057419,1984,1985,241,4,5,90,120,-49.61,15,33,0,15033
SACM,5,3,-0.00013912,1984,1985,242,4,5,90,120,-12.02,15,33,0,15033
SACM,5,4,-0.00126331,1984,1985,243,4,5,90,120,-109.15,9,2,0,9002
SACM,5,5,-0.001513889,1984,1985,245,4,5,90,120,-130.8,15,33,0,15033
SACM,4,10,-0.001092477,1984,1985,246,4,5,90,120,-94.39,9,2,0,9002
SACM,8,3,-0.000456829,1984,1985,248,4,5,90,120,-39.47,9,2,0,9002
SACM,3,8,-0.000108912,1984,1985,251,4,5,90,120,-9.41,9,2,0,9002
SACM,7,3,-0.000571875,1984,1985,253,4,5,90,120,-49.41,9,2,0,9002
SACM,8,4,-0.000109144,1984,1985,254,4,5,90,120,-9.43,9,2,0,9002
SACM,3,4,-0.000196875,1984,1985,259,4,5,90,120,-17.01,9,2,0,9002
SACM,7,8,-0.000102199,1984,1985,263,4,5,90,120,-8.83,9,15,0,9015
SACM,7,9,-0.000177315,1984,1985,266,4,5,90,120,-15.32,15,58,0,15058
SACM,9,4,-0.000468519,1984,1985,267,4,5,90,120,-40.48,9,15,0,9015
SACM,8,8,-0.000723495,1984,1985,268,4,5,90,120,-62.51,15,58,0,15058
SACM,8,9,-0.000454167,1984,1985,270,4,5,90,120,-39.24,9,15,0,9015
SACM,3,5,-0.000250231,1984,1985,275,4,5,90,120,-21.62,15,58,0,15058
SACM,8,7,-0.000636458,1984,1985,276,4,5,90,120,-54.99,15,58,0,15058
SACM,4,3,-0.000590509,1984,1985,279,4,5,90,120,-51.02,9,15,0,9015
SACM,4,4,-0.000139352,1984,1985,280,4,5,90,120,-12.04,9,15,0,9015
SACM,4,5,-0.000394329,1984,1985,282,4,5,90,120,-34.07,15,58,0,15058
SACM,5,3,-0.001005671,1984,1985,285,4,5,90,120,-86.89,9,2,0,9002
SACM,5,4,-0.000479977,1984,1985,286,4,5,90,120,-41.47,15,33,0,15033
SACM,5,5,-0.000613773,1984,1985,288,4,5,90,120,-53.03,15,33,0,15033
SACM,4,10,-0.000327199,1984,1985,292,4,5,90,120,-28.27,9,2,0,9002
SACM,8,3,-0.000106944,1984,1985,293,4,5,90,120,-9.24,9,2,0,9002
SACM,3,8,-7.79E-05,1984,1985,295,4,5,90,120,-6.73,9,2,0,9002
SACM,8,3,-0.00030625,1984,1985,296,4,5,90,120,-26.46,9,2,0,9002
SACM,3,8,-0.000613773,1984,1985,298,4,5,90,120,-53.03,9,2,0,9002
SACM,7,3,-0.00075787,1984,1985,300,4,5,90,120,-65.48,9,2,0,9002
SACM,9,3,-0.000261343,1984,1985,224,5,6,120,151,-22.58,9,15,0,9015
SACM,3,10,-0.000562616,1984,1985,229,5,6,120,151,-48.61,15,58,0,15058
SACM,3,9,-0.000620833,1984,1985,230,5,6,120,151,-53.64,9,15,0,9015
SACM,7,4,-0.000344792,1984,1985,231,5,6,120,151,-29.79,15,58,0,15058
SACM,3,3,-7.23E-05,1984,1985,232,5,6,120,151,-6.25,15,58,0,15058
SACM,7,7,-0.000240046,1984,1985,233,5,6,120,151,-20.74,9,2,0,9002
SACM,8,7,-0.000658218,1984,1985,234,5,6,120,151,-56.87,15,33,0,15033
SACM,4,3,-0.000738426,1984,1985,235,5,6,120,151,-63.8,15,33,0,15033
SACM,4,4,-0.00025544,1984,1985,236,5,6,120,151,-22.07,15,58,0,15058
SACM,4,5,-0.000564352,1984,1985,241,5,6,120,151,-48.76,15,33,0,15033
SACM,5,3,-0.000136111,1984,1985,242,5,6,120,151,-11.76,15,33,0,15033
SACM,5,4,-0.001256944,1984,1985,243,5,6,120,151,-108.6,9,2,0,9002
SACM,5,5,-0.001491088,1984,1985,245,5,6,120,151,-128.83,15,33,0,15033
SACM,4,10,-0.000943056,1984,1985,246,5,6,120,151,-81.48,9,2,0,9002
SACM,8,3,-0.000458565,1984,1985,248,5,6,120,151,-39.62,9,2,0,9002
SACM,3,8,-0.000348958,1984,1985,251,5,6,120,151,-30.15,9,2,0,9002
SACM,7,3,-0.000537616,1984,1985,253,5,6,120,151,-46.45,9,2,0,9002
SACM,8,4,-0.000109722,1984,1985,254,5,6,120,151,-9.48,9,2,0,9002
SACM,3,4,-0.000209028,1984,1985,259,5,6,120,151,-18.06,9,2,0,9002
SACM,7,8,-7.89E-05,1984,1985,263,5,6,120,151,-6.82,9,15,0,9015
SACM,7,9,-0.000146181,1984,1985,266,5,6,120,151,-12.63,15,58,0,15058
SACM,9,4,-0.000610648,1984,1985,267,5,6,120,151,-52.76,9,15,0,9015
SACM,8,8,-0.000653588,1984,1985,268,5,6,120,151,-56.47,15,58,0,15058
SACM,8,9,-0.000470602,1984,1985,270,5,6,120,151,-40.66,9,15,0,9015
SACM,3,5,-0.000189815,1984,1985,275,5,6,120,151,-16.4,15,58,0,15058
SACM,8,7,-0.000489583,1984,1985,276,5,6,120,151,-42.3,15,58,0,15058
SACM,4,3,-0.000555671,1984,1985,279,5,6,120,151,-48.01,9,15,0,9015
SACM,4,4,-0.000402431,1984,1985,280,5,6,120,151,-34.77,9,15,0,9015
SACM,4,5,-0.000443634,1984,1985,282,5,6,120,151,-38.33,15,58,0,15058
SACM,5,3,-0.000937037,1984,1985,285,5,6,120,151,-80.96,9,2,0,9002
SACM,5,4,-0.000450463,1984,1985,286,5,6,120,151,-38.92,15,33,0,15033
SACM,5,5,-0.00061875,1984,1985,288,5,6,120,151,-53.46,15,33,0,15033
SACM,4,10,-0.000570023,1984,1985,292,5,6,120,151,-49.25,9,2,0,9002
SACM,8,3,-9.79E-05,1984,1985,293,5,6,120,151,-8.46,9,2,0,9002
SACM,3,8,-7.79E-05,1984,1985,295,5,6,120,151,-6.73,9,2,0,9002
SACM,8,3,-0.000282292,1984,1985,296,5,6,120,151,-24.39,9,2,0,9002
SACM,3,8,-0.000615625,1984,1985,298,5,6,120,151,-53.19,9,2,0,9002
SACM,7,3,-0.000450694,1984,1985,300,5,6,120,151,-38.94,9,2,0,9002
SACM,9,3,-0.000251736,1984,1985,224,6,7,151,181,-21.75,9,15,0,9015
SACM,3,10,-0.000564815,1984,1985,229,6,7,151,181,-48.8,15,58,0,15058
SACM,3,9,-0.000390972,1984,1985,230,6,7,151,181,-33.78,9,15,0,9015
SACM,7,4,-0.000200926,1984,1985,231,6,7,151,181,-17.36,15,58,0,15058
SACM,3,3,-7.28E-05,1984,1985,232,6,7,151,181,-6.29,15,58,0,15058
SACM,7,7,-0.000229745,1984,1985,233,6,7,151,181,-19.85,9,2,0,9002
SACM,8,7,-0.000649769,1984,1985,234,6,7,151,181,-56.14,15,33,0,15033
SACM,4,3,-0.000767245,1984,1985,235,6,7,151,181,-66.29,15,33,0,15033
SACM,4,4,-0.000163426,1984,1985,236,6,7,151,181,-14.12,15,58,0,15058
SACM,4,5,-0.000475,1984,1985,241,6,7,151,181,-41.04,15,33,0,15033
SACM,5,3,-0.00011169,1984,1985,242,6,7,151,181,-9.65,15,33,0,15033
SACM,5,4,-0.001232639,1984,1985,243,6,7,151,181,-106.5,9,2,0,9002
SACM,5,5,-0.001453125,1984,1985,245,6,7,151,181,-125.55,15,33,0,15033
SACM,4,10,-0.000229977,1984,1985,246,6,7,151,181,-19.87,9,2,0,9002
SACM,8,3,-0.000415856,1984,1985,248,6,7,151,181,-35.93,9,2,0,9002
SACM,3,8,-0.000366667,1984,1985,251,6,7,151,181,-31.68,9,2,0,9002
SACM,7,3,-0.000571875,1984,1985,253,6,7,151,181,-49.41,9,2,0,9002
SACM,8,4,-0.000107639,1984,1985,254,6,7,151,181,-9.3,9,2,0,9002
SACM,3,4,-0.000261343,1984,1985,259,6,7,151,181,-22.58,9,2,0,9002
SACM,7,8,-0.000118403,1984,1985,263,6,7,151,181,-10.23,9,15,0,9015
SACM,7,9,-0.000127199,1984,1985,266,6,7,151,181,-10.99,15,58,0,15058
SACM,9,4,-0.000466898,1984,1985,267,6,7,151,181,-40.34,9,15,0,9015
SACM,8,8,-0.000753125,1984,1985,268,6,7,151,181,-65.07,15,58,0,15058
SACM,8,9,-0.000443287,1984,1985,270,6,7,151,181,-38.3,9,15,0,9015
SACM,3,5,-0.000232523,1984,1985,275,6,7,151,181,-20.09,15,58,0,15058
SACM,8,7,-0.000397454,1984,1985,276,6,7,151,181,-34.34,15,58,0,15058
SACM,4,3,-0.000536227,1984,1985,279,6,7,151,181,-46.33,9,15,0,9015
SACM,4,4,-0.000439931,1984,1985,280,6,7,151,181,-38.01,9,15,0,9015
SACM,4,5,-0.00038206,1984,1985,282,6,7,151,181,-33.01,15,58,0,15058
SACM,5,3,-0.001040046,1984,1985,285,6,7,151,181,-89.86,9,2,0,9002
SACM,5,4,-0.000307176,1984,1985,286,6,7,151,181,-26.54,15,33,0,15033
SACM,5,5,-0.000591435,1984,1985,288,6,7,151,181,-51.1,15,33,0,15033
SACM,4,10,-0.000556944,1984,1985,292,6,7,151,181,-48.12,9,2,0,9002
SACM,8,3,-0.00033206,1984,1985,293,6,7,151,181,-28.69,9,2,0,9002
SACM,3,8,-5.47E-05,1984,1985,295,6,7,151,181,-4.73,9,2,0,9002
SACM,8,3,-0.000333218,1984,1985,296,6,7,151,181,-28.79,9,2,0,9002
SACM,3,8,-0.000557986,1984,1985,298,6,7,151,181,-48.21,9,2,0,9002
SACM,7,3,-0.000611574,1984,1985,300,6,7,151,181,-52.84,9,2,0,9002
SACM,9,3,-0.000146528,1984,1985,224,7,8,181,212,-12.66,9,15,0,9015
SACM,3,10,-0.000647454,1984,1985,229,7,8,181,212,-55.94,15,58,0,15058
SACM,3,9,-0.000606366,1984,1985,230,7,8,181,212,-52.39,9,15,0,9015
SACM,7,4,-0.000431481,1984,1985,231,7,8,181,212,-37.28,15,58,0,15058
SACM,3,3,-0.000090625,1984,1985,232,7,8,181,212,-7.83,15,58,0,15058
SACM,7,7,-0.000610417,1984,1985,233,7,8,181,212,-52.74,9,2,0,9002
SACM,8,7,-0.001028704,1984,1985,234,7,8,181,212,-88.88,15,33,0,15033
SACM,4,3,-0.000756019,1984,1985,235,7,8,181,212,-65.32,15,33,0,15033
SACM,4,4,-0.000197454,1984,1985,236,7,8,181,212,-17.06,15,58,0,15058
SACM,4,5,-0.00055463,1984,1985,241,7,8,181,212,-47.92,15,33,0,15033
SACM,5,3,-0.000110648,1984,1985,242,7,8,181,212,-9.56,15,33,0,15033
SACM,5,4,-0.001214699,1984,1985,243,7,8,181,212,-104.95,9,2,0,9002
SACM,5,5,-0.001436343,1984,1985,245,7,8,181,212,-124.1,15,33,0,15033
SACM,4,10,-0.000629282,1984,1985,246,7,8,181,212,-54.37,9,2,0,9002
SACM,8,3,-0.000330093,1984,1985,248,7,8,181,212,-28.52,9,2,0,9002
SACM,3,8,-0.000369676,1984,1985,251,7,8,181,212,-31.94,9,2,0,9002
SACM,7,3,-0.000441898,1984,1985,253,7,8,181,212,-38.18,9,2,0,9002
SACM,8,4,-0.000109028,1984,1985,254,7,8,181,212,-9.42,9,2,0,9002
SACM,3,4,-0.000219329,1984,1985,259,7,8,181,212,-18.95,9,2,0,9002
SACM,7,8,-4.90E-05,1984,1985,263,7,8,181,212,-4.23,9,15,0,9015
SACM,7,9,-0.000102546,1984,1985,266,7,8,181,212,-8.86,15,58,0,15058
SACM,9,4,-0.000530324,1984,1985,267,7,8,181,212,-45.82,9,15,0,9015
SACM,8,8,-0.000369444,1984,1985,268,7,8,181,212,-31.92,15,58,0,15058
SACM,8,9,-0.000381829,1984,1985,270,7,8,181,212,-32.99,9,15,0,9015
SACM,3,5,-0.000282755,1984,1985,275,7,8,181,212,-24.43,15,58,0,15058
SACM,8,7,-0.000487963,1984,1985,276,7,8,181,212,-42.16,15,58,0,15058
SACM,4,3,-0.000525231,1984,1985,279,7,8,181,212,-45.38,9,15,0,9015
SACM,4,4,-0.000507176,1984,1985,280,7,8,181,212,-43.82,9,15,0,9015
SACM,4,5,-0.000389583,1984,1985,282,7,8,181,212,-33.66,15,58,0,15058
SACM,5,3,-0.000925579,1984,1985,285,7,8,181,212,-79.97,9,2,0,9002
SACM,5,4,-0.000268519,1984,1985,286,7,8,181,212,-23.2,15,33,0,15033
SACM,5,5,-0.000593981,1984,1985,288,7,8,181,212,-51.32,15,33,0,15033
SACM,4,10,-0.000559144,1984,1985,292,7,8,181,212,-48.31,9,2,0,9002
SACM,8,3,-0.00029375,1984,1985,293,7,8,181,212,-25.38,9,2,0,9002
SACM,3,8,-7.92E-05,1984,1985,295,7,8,181,212,-6.84,9,2,0,9002
SACM,8,3,-0.000384606,1984,1985,296,7,8,181,212,-33.23,9,2,0,9002
SACM,3,8,-0.000619329,1984,1985,298,7,8,181,212,-53.51,9,2,0,9002
SACM,7,3,-0.000359722,1984,1985,300,7,8,181,212,-31.08,9,2,0,9002
SACM,9,3,-6.91E-05,1984,1985,224,8,9,212,243,-5.97,9,15,0,9015
SACM,3,10,-0.000591551,1984,1985,229,8,9,212,243,-51.11,15,58,0,15058
SACM,3,9,-0.000565509,1984,1985,230,8,9,212,243,-48.86,9,15,0,9015
SACM,7,4,-0.00047037,1984,1985,231,8,9,212,243,-40.64,15,58,0,15058
SACM,3,3,-8.85E-05,1984,1985,232,8,9,212,243,-7.65,15,58,0,15058
SACM,7,7,-0.000603472,1984,1985,233,8,9,212,243,-52.14,9,2,0,9002
SACM,8,7,-0.001053704,1984,1985,234,8,9,212,243,-91.04,15,33,0,15033
SACM,4,3,-0.000731944,1984,1985,235,8,9,212,243,-63.24,15,33,0,15033
SACM,4,4,-0.000175579,1984,1985,236,8,9,212,243,-15.17,15,58,0,15058
SACM,4,5,-0.000509259,1984,1985,241,8,9,212,243,-44,15,33,0,15033
SACM,5,3,-0.000122106,1984,1985,242,8,9,212,243,-10.55,15,33,0,15033
SACM,5,4,-0.001163542,1984,1985,243,8,9,212,243,-100.53,9,2,0,9002
SACM,5,5,-0.001390856,1984,1985,245,8,9,212,243,-120.17,15,33,0,15033
SACM,4,10,-0.000527778,1984,1985,246,8,9,212,243,-45.6,9,2,0,9002
SACM,8,3,-0.000333333,1984,1985,248,8,9,212,243,-28.8,9,2,0,9002
SACM,3,8,-0.000368519,1984,1985,251,8,9,212,243,-31.84,9,2,0,9002
SACM,7,3,-0.00056169,1984,1985,253,8,9,212,243,-48.53,9,2,0,9002
SACM,8,4,-0.000109722,1984,1985,254,8,9,212,243,-9.48,9,2,0,9002
SACM,3,4,-0.000199306,1984,1985,259,8,9,212,243,-17.22,9,2,0,9002
SACM,7,8,-9.92E-05,1984,1985,263,8,9,212,243,-8.57,9,15,0,9015
SACM,7,9,-0.000126273,1984,1985,266,8,9,212,243,-10.91,15,58,0,15058
SACM,9,4,-0.000509028,1984,1985,267,8,9,212,243,-43.98,9,15,0,9015
SACM,8,8,-2.66E-05,1984,1985,268,8,9,212,243,-2.3,15,58,0,15058
SACM,8,9,-0.000396991,1984,1985,270,8,9,212,243,-34.3,9,15,0,9015
SACM,3,5,-0.000237847,1984,1985,275,8,9,212,243,-20.55,15,58,0,15058
SACM,8,7,-0.000468056,1984,1985,276,8,9,212,243,-40.44,15,58,0,15058
SACM,4,3,-0.000524653,1984,1985,279,8,9,212,243,-45.33,9,15,0,9015
SACM,4,4,-0.000497685,1984,1985,280,8,9,212,243,-43,9,15,0,9015
SACM,4,5,-0.000354861,1984,1985,282,8,9,212,243,-30.66,15,58,0,15058
SACM,5,3,-0.000881944,1984,1985,285,8,9,212,243,-76.2,9,2,0,9002
SACM,5,4,-0.000392014,1984,1985,286,8,9,212,243,-33.87,15,33,0,15033
SACM,5,5,-0.000591435,1984,1985,288,8,9,212,243,-51.1,15,33,0,15033
SACM,4,10,-0.000530093,1984,1985,292,8,9,212,243,-45.8,9,2,0,9002
SACM,8,3,-0.000179977,1984,1985,293,8,9,212,243,-15.55,9,2,0,9002
SACM,3,8,-8.08E-05,1984,1985,295,8,9,212,243,-6.98,9,2,0,9002
SACM,8,3,-0.000351157,1984,1985,296,8,9,212,243,-30.34,9,2,0,9002
SACM,3,8,-0.000541898,1984,1985,298,8,9,212,243,-46.82,9,2,0,9002
SACM,7,3,-0.000802546,1984,1985,300,8,9,212,243,-69.34,9,2,0,9002
SACM,9,3,-0.000206366,1984,1985,224,9,10,243,273,-17.83,9,15,0,9015
SACM,3,10,-0.000636343,1984,1985,229,9,10,243,273,-54.98,15,58,0,15058
SACM,3,9,-0.000584606,1984,1985,230,9,10,243,273,-50.51,9,15,0,9015
SACM,7,4,-0.000470833,1984,1985,231,9,10,243,273,-40.68,15,58,0,15058
SACM,3,3,-8.04E-05,1984,1985,232,9,10,243,273,-6.95,15,58,0,15058
SACM,7,7,-0.00068669,1984,1985,233,9,10,243,273,-59.33,9,2,0,9002
SACM,8,7,-0.001059954,1984,1985,234,9,10,243,273,-91.58,15,33,0,15033
SACM,4,3,-0.000766435,1984,1985,235,9,10,243,273,-66.22,15,33,0,15033
SACM,4,4,-0.000195833,1984,1985,236,9,10,243,273,-16.92,15,58,0,15058
SACM,4,5,-0.000557407,1984,1985,241,9,10,243,273,-48.16,15,33,0,15033
SACM,5,3,-0.000133796,1984,1985,242,9,10,243,273,-11.56,15,33,0,15033
SACM,5,4,-0.001239005,1984,1985,243,9,10,243,273,-107.05,9,2,0,9002
SACM,5,5,-0.00148044,1984,1985,245,9,10,243,273,-127.91,15,33,0,15033
SACM,4,10,-0.000582176,1984,1985,246,9,10,243,273,-50.3,9,2,0,9002
SACM,8,3,-0.000327546,1984,1985,248,9,10,243,273,-28.3,9,2,0,9002
SACM,3,8,-0.000132986,1984,1985,251,9,10,243,273,-11.49,9,2,0,9002
SACM,7,3,-0.000588194,1984,1985,253,9,10,243,273,-50.82,9,2,0,9002
SACM,8,4,-0.000109375,1984,1985,254,9,10,243,273,-9.45,9,2,0,9002
SACM,3,4,-0.000209838,1984,1985,259,9,10,243,273,-18.13,9,2,0,9002
SACM,7,8,-0.00011794,1984,1985,263,9,10,243,273,-10.19,9,15,0,9015
SACM,7,9,-0.000151968,1984,1985,266,9,10,243,273,-13.13,15,58,0,15058
SACM,9,4,-0.000282523,1984,1985,267,9,10,243,273,-24.41,9,15,0,9015
SACM,8,8,-0.000373495,1984,1985,268,9,10,243,273,-32.27,15,58,0,15058
SACM,8,9,-0.000387269,1984,1985,270,9,10,243,273,-33.46,9,15,0,9015
SACM,3,5,-0.000208333,1984,1985,275,9,10,243,273,-18,15,58,0,15058
SACM,8,7,-0.000361574,1984,1985,276,9,10,243,273,-31.24,15,58,0,15058
SACM,4,3,-0.000507639,1984,1985,279,9,10,243,273,-43.86,9,15,0,9015
SACM,4,4,-0.000524653,1984,1985,280,9,10,243,273,-45.33,9,15,0,9015
SACM,4,5,-0.000439468,1984,1985,282,9,10,243,273,-37.97,15,58,0,15058
SACM,5,3,-0.000993171,1984,1985,285,9,10,243,273,-85.81,9,2,0,9002
SACM,5,4,-0.000418981,1984,1985,286,9,10,243,273,-36.2,15,33,0,15033
SACM,5,5,-0.000436458,1984,1985,288,9,10,243,273,-37.71,15,33,0,15033
SACM,4,10,-0.000568866,1984,1985,292,9,10,243,273,-49.15,9,2,0,9002
SACM,8,3,-0.000179861,1984,1985,293,9,10,243,273,-15.54,9,2,0,9002
SACM,3,8,-5.98E-05,1984,1985,295,9,10,243,273,-5.17,9,2,0,9002
SACM,8,3,-0.000329977,1984,1985,296,9,10,243,273,-28.51,9,2,0,9002
SACM,3,8,-0.000591435,1984,1985,298,9,10,243,273,-51.1,9,2,0,9002
SACM,7,3,-0.000864005,1984,1985,300,9,10,243,273,-74.65,9,2,0,9002
SACM,9,3,-0.000212384,1984,1985,224,10,11,273,304,-18.35,9,15,0,9015
SACM,3,10,-0.000568171,1984,1985,229,10,11,273,304,-49.09,15,58,0,15058
SACM,3,9,-0.000571296,1984,1985,230,10,11,273,304,-49.36,9,15,0,9015
SACM,7,4,-0.000473727,1984,1985,231,10,11,273,304,-40.93,15,58,0,15058
SACM,3,3,-7.75E-05,1984,1985,232,10,11,273,304,-6.7,15,58,0,15058
SACM,7,7,-0.000712963,1984,1985,233,10,11,273,304,-61.6,9,2,0,9002
SACM,8,7,-0.000580556,1984,1985,234,10,11,273,304,-50.16,15,33,0,15033
SACM,4,3,-0.000733565,1984,1985,235,10,11,273,304,-63.38,15,33,0,15033
SACM,4,4,-0.000149769,1984,1985,236,10,11,273,304,-12.94,15,58,0,15058
SACM,4,5,-0.000546412,1984,1985,241,10,11,273,304,-47.21,15,33,0,15033
SACM,5,3,-0.000138657,1984,1985,242,10,11,273,304,-11.98,15,33,0,15033
SACM,5,4,-0.001276157,1984,1985,243,10,11,273,304,-110.26,9,2,0,9002
SACM,5,5,-0.001504745,1984,1985,245,10,11,273,304,-130.01,15,33,0,15033
SACM,4,10,-0.000601505,1984,1985,246,10,11,273,304,-51.97,9,2,0,9002
SACM,8,3,-0.000364931,1984,1985,248,10,11,273,304,-31.53,9,2,0,9002
SACM,3,8,-0.000139583,1984,1985,251,10,11,273,304,-12.06,9,2,0,9002
SACM,7,3,-0.000588194,1984,1985,253,10,11,273,304,-50.82,9,2,0,9002
SACM,8,4,-0.000109722,1984,1985,254,10,11,273,304,-9.48,9,2,0,9002
SACM,3,4,-0.00021713,1984,1985,259,10,11,273,304,-18.76,9,2,0,9002
SACM,7,8,-6.03E-05,1984,1985,263,10,11,273,304,-5.21,9,15,0,9015
SACM,7,9,-0.000399537,1984,1985,266,10,11,273,304,-34.52,15,58,0,15058
SACM,9,4,-0.000402778,1984,1985,267,10,11,273,304,-34.8,9,15,0,9015
SACM,8,8,-0.000361458,1984,1985,268,10,11,273,304,-31.23,15,58,0,15058
SACM,8,9,-0.000373611,1984,1985,270,10,11,273,304,-32.28,9,15,0,9015
SACM,3,5,-0.000246759,1984,1985,275,10,11,273,304,-21.32,15,58,0,15058
SACM,8,7,-0.000493519,1984,1985,276,10,11,273,304,-42.64,15,58,0,15058
SACM,4,3,-0.000507639,1984,1985,279,10,11,273,304,-43.86,9,15,0,9015
SACM,4,4,-0.000493981,1984,1985,280,10,11,273,304,-42.68,9,15,0,9015
SACM,4,5,-0.000784722,1984,1985,282,10,11,273,304,-67.8,15,58,0,15058
SACM,5,3,-0.000473032,1984,1985,285,10,11,273,304,-40.87,9,2,0,9002
SACM,5,4,-0.000285764,1984,1985,286,10,11,273,304,-24.69,15,33,0,15033
SACM,5,5,-0.000330093,1984,1985,288,10,11,273,304,-28.52,15,33,0,15033
SACM,4,10,-0.00015787,1984,1985,292,10,11,273,304,-13.64,9,2,0,9002
SACM,8,3,-0.000179861,1984,1985,293,10,11,273,304,-15.54,9,2,0,9002
SACM,3,8,-6.11E-05,1984,1985,295,10,11,273,304,-5.28,9,2,0,9002
SACM,8,3,-0.000334028,1984,1985,296,10,11,273,304,-28.86,9,2,0,9002
SACM,3,8,-0.000597106,1984,1985,298,10,11,273,304,-51.59,9,2,0,9002
SACM,7,3,-0.000892824,1984,1985,300,10,11,273,304,-77.14,9,2,0,9002
SACM,9,3,-0.000203472,1984,1985,224,11,12,304,334,-17.58,9,15,0,9015
SACM,3,10,-0.000558102,1984,1985,229,11,12,304,334,-48.22,15,58,0,15058
SACM,3,9,-0.000575926,1984,1985,230,11,12,304,334,-49.76,9,15,0,9015
SACM,7,4,-0.000410764,1984,1985,231,11,12,304,334,-35.49,15,58,0,15058
SACM,3,3,-8.78E-05,1984,1985,232,11,12,304,334,-7.59,15,58,0,15058
SACM,7,7,-0.000734606,1984,1985,233,11,12,304,334,-63.47,9,2,0,9002
SACM,8,7,-0.000718403,1984,1985,234,11,12,304,334,-62.07,15,33,0,15033
SACM,4,3,-0.000707176,1984,1985,235,11,12,304,334,-61.1,15,33,0,15033
SACM,4,4,-0.000169213,1984,1985,236,11,12,304,334,-14.62,15,58,0,15058
SACM,4,5,-0.000568403,1984,1985,241,11,12,304,334,-49.11,15,33,0,15033
SACM,5,3,-0.000233796,1984,1985,242,11,12,304,334,-20.2,15,33,0,15033
SACM,5,4,-0.001203704,1984,1985,243,11,12,304,334,-104,9,2,0,9002
SACM,5,5,-0.001435185,1984,1985,245,11,12,304,334,-124,15,33,0,15033
SACM,4,10,-0.000643056,1984,1985,246,11,12,304,334,-55.56,9,2,0,9002
SACM,8,3,-0.000354514,1984,1985,248,11,12,304,334,-30.63,9,2,0,9002
SACM,3,8,-0.000139468,1984,1985,251,11,12,304,334,-12.05,9,2,0,9002
SACM,7,3,-0.000497917,1984,1985,253,11,12,304,334,-43.02,9,2,0,9002
SACM,8,4,-0.000198843,1984,1985,254,11,12,304,334,-17.18,9,2,0,9002
SACM,3,4,-0.000214005,1984,1985,259,11,12,304,334,-18.49,9,2,0,9002
SACM,7,8,-2.00E-05,1984,1985,263,11,12,304,334,-1.73,9,15,0,9015
SACM,7,9,-0.000162384,1984,1985,266,11,12,304,334,-14.03,15,58,0,15058
SACM,9,4,-0.000405556,1984,1985,267,11,12,304,334,-35.04,9,15,0,9015
SACM,8,8,-0.000371528,1984,1985,268,11,12,304,334,-32.1,15,58,0,15058
SACM,8,9,-0.000200347,1984,1985,270,11,12,304,334,-17.31,9,15,0,9015
SACM,3,5,-0.000330556,1984,1985,275,11,12,304,334,-28.56,15,58,0,15058
SACM,8,7,-0.000481134,1984,1985,276,11,12,304,334,-41.57,15,58,0,15058
SACM,4,3,-0.000541782,1984,1985,279,11,12,304,334,-46.81,9,15,0,9015
SACM,4,4,-0.00048287,1984,1985,280,11,12,304,334,-41.72,9,15,0,9015
SACM,4,5,-0.000263194,1984,1985,282,11,12,304,334,-22.74,15,58,0,15058
SACM,5,3,-0.000842361,1984,1985,285,11,12,304,334,-72.78,9,2,0,9002
SACM,5,4,-0.000392014,1984,1985,286,11,12,304,334,-33.87,15,33,0,15033
SACM,5,5,-0.000445949,1984,1985,288,11,12,304,334,-38.53,15,33,0,15033
SACM,4,10,-0.000429167,1984,1985,292,11,12,304,334,-37.08,9,2,0,9002
SACM,8,3,-0.000279398,1984,1985,293,11,12,304,334,-24.14,9,2,0,9002
SACM,3,8,-0.000195023,1984,1985,295,11,12,304,334,-16.85,9,2,0,9002
SACM,8,3,-0.00032963,1984,1985,296,11,12,304,334,-28.48,9,2,0,9002
SACM,3,8,-0.000528588,1984,1985,298,11,12,304,334,-45.67,9,2,0,9002
SACM,7,3,-0.000925347,1984,1985,300,11,12,304,334,-79.95,9,2,0,9002
SACM,9,3,-0.000225694,1984,1985,224,12,13,334,365,-19.5,9,15,0,9015
SACM,3,10,-0.000493287,1984,1985,229,12,13,334,365,-42.62,15,58,0,15058
SACM,3,9,-0.00018206,1984,1985,230,12,13,334,365,-15.73,9,15,0,9015
SACM,7,4,-0.000196412,1984,1985,231,12,13,334,365,-16.97,15,58,0,15058
SACM,3,3,-0.000368056,1984,1985,232,12,13,334,365,-31.8,15,58,0,15058
SACM,7,7,-0.000458102,1984,1985,233,12,13,334,365,-39.58,9,2,0,9002
SACM,8,7,-0.000264583,1984,1985,234,12,13,334,365,-22.86,15,33,0,15033
SACM,4,3,-0.000212731,1984,1985,235,12,13,334,365,-18.38,15,33,0,15033
SACM,4,4,-0.000604745,1984,1985,236,12,13,334,365,-52.25,15,58,0,15058
SACM,4,5,-0.000697685,1984,1985,241,12,13,334,365,-60.28,15,33,0,15033
SACM,5,3,-0.000580093,1984,1985,242,12,13,334,365,-50.12,15,33,0,15033
SACM,5,4,-0.000245139,1984,1985,243,12,13,334,365,-21.18,9,2,0,9002
SACM,5,5,-0.000318634,1984,1985,245,12,13,334,365,-27.53,15,33,0,15033
SACM,4,10,-0.000236921,1984,1985,246,12,13,334,365,-20.47,9,2,0,9002
SACM,8,3,-0.000148495,1984,1985,248,12,13,334,365,-12.83,9,2,0,9002
SACM,3,8,-8.66E-05,1984,1985,251,12,13,334,365,-7.48,9,2,0,9002
SACM,7,3,-0.000204167,1984,1985,253,12,13,334,365,-17.64,9,2,0,9002
SACM,8,4,-0.000110648,1984,1985,254,12,13,334,365,-9.56,9,2,0,9002
SACM,3,4,-0.000572454,1984,1985,259,12,13,334,365,-49.46,9,2,0,9002
SACM,7,8,-0.000219792,1984,1985,263,12,13,334,365,-18.99,9,15,0,9015
SACM,7,9,-0.00100463,1984,1985,266,12,13,334,365,-86.8,15,58,0,15058
SACM,9,4,-0.000388542,1984,1985,267,12,13,334,365,-33.57,9,15,0,9015
SACM,8,8,-0.000642824,1984,1985,268,12,13,334,365,-55.54,15,58,0,15058
SACM,8,9,-0.000635648,1984,1985,270,12,13,334,365,-54.92,9,15,0,9015
SACM,3,5,-0.000237847,1984,1985,275,12,13,334,365,-20.55,15,58,0,15058
SACM,8,7,-0.000734722,1984,1985,276,12,13,334,365,-63.48,15,58,0,15058
SACM,4,3,-0.000404167,1984,1985,279,12,13,334,365,-34.92,9,15,0,9015
SACM,4,4,-0.000376157,1984,1985,280,12,13,334,365,-32.5,9,15,0,9015
SACM,4,5,-0.000350694,1984,1985,282,12,13,334,365,-30.3,15,58,0,15058
SACM,5,3,-0.000689005,1984,1985,285,12,13,334,365,-59.53,9,2,0,9002
SACM,5,4,-0.00041794,1984,1985,286,12,13,334,365,-36.11,15,33,0,15033
SACM,5,5,-0.000174074,1984,1985,288,12,13,334,365,-15.04,15,33,0,15033
SACM,4,10,-0.000440278,1984,1985,292,12,13,334,365,-38.04,9,2,0,9002
SACM,8,3,-0.000308218,1984,1985,293,12,13,334,365,-26.63,9,2,0,9002
SACM,3,8,-0.000924421,1984,1985,295,12,13,334,365,-79.87,9,2,0,9002
SACM,8,3,-0.000297801,1984,1985,296,12,13,334,365,-25.73,9,2,0,9002
SACM,3,8,-0.000731944,1984,1985,298,12,13,334,365,-63.24,9,2,0,9002
SACM,7,3,-0.000372454,1984,1985,300,12,13,334,365,-32.18,9,2,0,9002
SACM,9,3,-0.000274537,1985,1986,224,13,14,365,396,-23.72,9,15,0,9015
SACM,3,10,-0.000544329,1985,1986,229,13,14,365,396,-47.03,15,58,0,15058
SACM,3,9,-0.000549769,1985,1986,230,13,14,365,396,-47.5,9,15,0,9015
SACM,7,4,-0.000372801,1985,1986,231,13,14,365,396,-32.21,15,58,0,15058
SACM,3,3,-6.89E-05,1985,1986,232,13,14,365,396,-5.95,15,58,0,15058
SACM,7,7,-0.000188773,1985,1986,233,13,14,365,396,-16.31,9,2,0,9002
SACM,8,7,-0.000606019,1985,1986,234,13,14,365,396,-52.36,15,33,0,15033
SACM,4,3,-0.000776042,1985,1986,235,13,14,365,396,-67.05,15,33,0,15033
SACM,4,4,-0.000235995,1985,1986,236,13,14,365,396,-20.39,15,58,0,15058
SACM,4,5,-0.000494213,1985,1986,241,13,14,365,396,-42.7,15,33,0,15033
SACM,5,3,-0.000102199,1985,1986,242,13,14,365,396,-8.83,15,33,0,15033
SACM,5,4,-0.001233912,1985,1986,243,13,14,365,396,-106.61,9,2,0,9002
SACM,5,5,-0.000785301,1985,1986,245,13,14,365,396,-67.85,15,33,0,15033
SACM,4,10,-0.000979745,1985,1986,246,13,14,365,396,-84.65,9,2,0,9002
SACM,8,3,-0.000425231,1985,1986,248,13,14,365,396,-36.74,9,2,0,9002
SACM,3,8,-6.98E-05,1985,1986,251,13,14,365,396,-6.03,9,2,0,9002
SACM,7,3,-0.000506944,1985,1986,253,13,14,365,396,-43.8,9,2,0,9002
SACM,8,4,-0.000109722,1985,1986,254,13,14,365,396,-9.48,9,2,0,9002
SACM,3,4,-0.000228356,1985,1986,259,13,14,365,396,-19.73,9,2,0,9002
SACM,7,8,-0.000112616,1985,1986,263,13,14,365,396,-9.73,9,15,0,9015
SACM,7,9,-0.000169907,1985,1986,266,13,14,365,396,-14.68,15,58,0,15058
SACM,9,4,-0.000648727,1985,1986,267,13,14,365,396,-56.05,9,15,0,9015
SACM,8,8,-0.000589468,1985,1986,268,13,14,365,396,-50.93,15,58,0,15058
SACM,8,9,-0.000451042,1985,1986,270,13,14,365,396,-38.97,9,15,0,9015
SACM,3,5,-0.0002625,1985,1986,275,13,14,365,396,-22.68,15,58,0,15058
SACM,8,7,-0.000348495,1985,1986,276,13,14,365,396,-30.11,15,58,0,15058
SACM,4,3,-0.000482523,1985,1986,279,13,14,365,396,-41.69,9,15,0,9015
SACM,4,4,-2.00E-05,1985,1986,280,13,14,365,396,-1.73,9,15,0,9015
SACM,4,5,-0.000461574,1985,1986,282,13,14,365,396,-39.88,15,58,0,15058
SACM,5,3,-0.00102963,1985,1986,285,13,14,365,396,-88.96,9,2,0,9002
SACM,5,4,-0.000496528,1985,1986,286,13,14,365,396,-42.9,15,33,0,15033
SACM,5,5,-0.000603241,1985,1986,288,13,14,365,396,-52.12,15,33,0,15033
SACM,4,10,-0.000319792,1985,1986,292,13,14,365,396,-27.63,9,2,0,9002
SACM,8,3,-0.000101389,1985,1986,293,13,14,365,396,-8.76,9,2,0,9002
SACM,3,8,-0.000148148,1985,1986,295,13,14,365,396,-12.8,9,2,0,9002
SACM,8,3,-0.000239699,1985,1986,296,13,14,365,396,-20.71,9,2,0,9002
SACM,3,8,-0.000565972,1985,1986,298,13,14,365,396,-48.9,9,2,0,9002
SACM,7,3,-0.001190394,1985,1986,300,13,14,365,396,-102.85,9,2,0,9002
SACM,9,3,-0.000247222,1985,1986,224,14,15,396,424,-21.36,9,15,0,9015
SACM,3,10,-0.000564352,1985,1986,229,14,15,396,424,-48.76,15,58,0,15058
SACM,3,9,-0.000527315,1985,1986,230,14,15,396,424,-45.56,9,15,0,9015
SACM,7,4,-0.000348611,1985,1986,231,14,15,396,424,-30.12,15,58,0,15058
SACM,3,3,-8.29E-05,1985,1986,232,14,15,396,424,-7.16,15,58,0,15058
SACM,7,7,-0.000189815,1985,1986,233,14,15,396,424,-16.4,9,2,0,9002
SACM,8,7,-0.000600347,1985,1986,234,14,15,396,424,-51.87,15,33,0,15033
SACM,4,3,-0.000777546,1985,1986,235,14,15,396,424,-67.18,15,33,0,15033
SACM,4,4,-0.000222454,1985,1986,236,14,15,396,424,-19.22,15,58,0,15058
SACM,4,5,-0.00057419,1985,1986,241,14,15,396,424,-49.61,15,33,0,15033
SACM,5,3,-0.000103935,1985,1986,242,14,15,396,424,-8.98,15,33,0,15033
SACM,5,4,-0.001267245,1985,1986,243,14,15,396,424,-109.49,9,2,0,9002
SACM,5,5,-0.000780556,1985,1986,245,14,15,396,424,-67.44,15,33,0,15033
SACM,4,10,-0.000995949,1985,1986,246,14,15,396,424,-86.05,9,2,0,9002
SACM,8,3,-0.000423611,1985,1986,248,14,15,396,424,-36.6,9,2,0,9002
SACM,3,8,-7.45E-05,1985,1986,251,14,15,396,424,-6.44,9,2,0,9002
SACM,7,3,-0.000477894,1985,1986,253,14,15,396,424,-41.29,9,2,0,9002
SACM,8,4,-0.000090625,1985,1986,254,14,15,396,424,-7.83,9,2,0,9002
SACM,3,4,-0.00025,1985,1986,259,14,15,396,424,-21.6,9,2,0,9002
SACM,7,8,-0.00010706,1985,1986,263,14,15,396,424,-9.25,9,15,0,9015
SACM,7,9,-0.000177546,1985,1986,266,14,15,396,424,-15.34,15,58,0,15058
SACM,9,4,-0.000678009,1985,1986,267,14,15,396,424,-58.58,9,15,0,9015
SACM,8,8,-0.000584722,1985,1986,268,14,15,396,424,-50.52,15,58,0,15058
SACM,8,9,-0.00043669,1985,1986,270,14,15,396,424,-37.73,9,15,0,9015
SACM,3,5,-0.000246875,1985,1986,275,14,15,396,424,-21.33,15,58,0,15058
SACM,8,7,-0.000619792,1985,1986,276,14,15,396,424,-53.55,15,58,0,15058
SACM,4,3,-0.000581944,1985,1986,279,14,15,396,424,-50.28,9,15,0,9015
SACM,4,4,-0.000460764,1985,1986,280,14,15,396,424,-39.81,9,15,0,9015
SACM,4,5,-0.000468634,1985,1986,282,14,15,396,424,-40.49,15,58,0,15058
SACM,5,3,-0.001036921,1985,1986,285,14,15,396,424,-89.59,9,2,0,9002
SACM,5,4,-0.000496991,1985,1986,286,14,15,396,424,-42.94,15,33,0,15033
SACM,5,5,-0.000532639,1985,1986,288,14,15,396,424,-46.02,15,33,0,15033
SACM,4,10,-0.000390046,1985,1986,292,14,15,396,424,-33.7,9,2,0,9002
SACM,8,3,-0.000103125,1985,1986,293,14,15,396,424,-8.91,9,2,0,9002
SACM,3,8,-0.000150694,1985,1986,295,14,15,396,424,-13.02,9,2,0,9002
SACM,8,3,-0.000216551,1985,1986,296,14,15,396,424,-18.71,9,2,0,9002
SACM,3,8,-0.000565972,1985,1986,298,14,15,396,424,-48.9,9,2,0,9002
SACM,7,3,-0.001194213,1985,1986,300,14,15,396,424,-103.18,9,2,0,9002
SACM,9,3,-0.000295255,1985,1986,224,15,16,424,455,-25.51,9,15,0,9015
SACM,3,10,-0.000532986,1985,1986,229,15,16,424,455,-46.05,15,58,0,15058
SACM,3,9,-0.000358449,1985,1986,230,15,16,424,455,-30.97,9,15,0,9015
SACM,7,4,-0.000336343,1985,1986,231,15,16,424,455,-29.06,15,58,0,15058
SACM,3,3,-7.26E-05,1985,1986,232,15,16,424,455,-6.27,15,58,0,15058
SACM,7,7,-0.000281481,1985,1986,233,15,16,424,455,-24.32,9,2,0,9002
SACM,8,7,-0.000567014,1985,1986,234,15,16,424,455,-48.99,15,33,0,15033
SACM,4,3,-0.000755208,1985,1986,235,15,16,424,455,-65.25,15,33,0,15033
SACM,4,4,-0.000265625,1985,1986,236,15,16,424,455,-22.95,15,58,0,15058
SACM,4,5,-0.000557407,1985,1986,241,15,16,424,455,-48.16,15,33,0,15033
SACM,5,3,-0.000135417,1985,1986,242,15,16,424,455,-11.7,15,33,0,15033
SACM,5,4,-0.001233912,1985,1986,243,15,16,424,455,-106.61,9,2,0,9002
SACM,5,5,-0.000754398,1985,1986,245,15,16,424,455,-65.18,15,33,0,15033
SACM,4,10,-0.00098669,1985,1986,246,15,16,424,455,-85.25,9,2,0,9002
SACM,8,3,-0.000454977,1985,1986,248,15,16,424,455,-39.31,9,2,0,9002
SACM,3,8,-9.53E-05,1985,1986,251,15,16,424,455,-8.23,9,2,0,9002
SACM,7,3,-0.000565509,1985,1986,253,15,16,424,455,-48.86,9,2,0,9002
SACM,8,4,-0.000101736,1985,1986,254,15,16,424,455,-8.79,9,2,0,9002
SACM,3,4,-0.000163542,1985,1986,259,15,16,424,455,-14.13,9,2,0,9002
SACM,7,8,-0.000107523,1985,1986,263,15,16,424,455,-9.29,9,15,0,9015
SACM,7,9,-0.000143403,1985,1986,266,15,16,424,455,-12.39,15,58,0,15058
SACM,9,4,-0.000613426,1985,1986,267,15,16,424,455,-53,9,15,0,9015
SACM,8,8,-0.000759954,1985,1986,268,15,16,424,455,-65.66,15,58,0,15058
SACM,8,9,-0.000433565,1985,1986,270,15,16,424,455,-37.46,9,15,0,9015
SACM,3,5,-0.000250579,1985,1986,275,15,16,424,455,-21.65,15,58,0,15058
SACM,8,7,-0.00065463,1985,1986,276,15,16,424,455,-56.56,15,58,0,15058
SACM,4,3,-0.000561806,1985,1986,279,15,16,424,455,-48.54,9,15,0,9015
SACM,4,4,-0.000301968,1985,1986,280,15,16,424,455,-26.09,9,15,0,9015
SACM,4,5,-0.000109491,1985,1986,282,15,16,424,455,-9.46,15,58,0,15058
SACM,5,3,-0.000886111,1985,1986,285,15,16,424,455,-76.56,9,2,0,9002
SACM,5,4,-0.000426042,1985,1986,286,15,16,424,455,-36.81,15,33,0,15033
SACM,5,5,-0.000528241,1985,1986,288,15,16,424,455,-45.64,15,33,0,15033
SACM,4,10,-0.000386111,1985,1986,292,15,16,424,455,-33.36,9,2,0,9002
SACM,8,3,-0.000103588,1985,1986,293,15,16,424,455,-8.95,9,2,0,9002
SACM,3,8,-0.000102199,1985,1986,295,15,16,424,455,-8.83,9,2,0,9002
SACM,8,3,-0.000228588,1985,1986,296,15,16,424,455,-19.75,9,2,0,9002
SACM,3,8,-0.000522685,1985,1986,298,15,16,424,455,-45.16,9,2,0,9002
SACM,7,3,-0.000787963,1985,1986,300,15,16,424,455,-68.08,9,2,0,9002
SACM,9,3,-0.000297569,1985,1986,224,16,17,455,485,-25.71,9,15,0,9015
SACM,3,10,-0.000565394,1985,1986,229,16,17,455,485,-48.85,15,58,0,15058
SACM,3,9,-0.000590741,1985,1986,230,16,17,455,485,-51.04,9,15,0,9015
SACM,7,4,-0.000337384,1985,1986,231,16,17,455,485,-29.15,15,58,0,15058
SACM,3,3,-6.98E-05,1985,1986,232,16,17,455,485,-6.03,15,58,0,15058
SACM,7,7,-0.000239352,1985,1986,233,16,17,455,485,-20.68,9,2,0,9002
SACM,8,7,-0.000593519,1985,1986,234,16,17,455,485,-51.28,15,33,0,15033
SACM,4,3,-0.000677546,1985,1986,235,16,17,455,485,-58.54,15,33,0,15033
SACM,4,4,-0.000247106,1985,1986,236,16,17,455,485,-21.35,15,58,0,15058
SACM,4,5,-0.00057419,1985,1986,241,16,17,455,485,-49.61,15,33,0,15033
SACM,5,3,-0.00013912,1985,1986,242,16,17,455,485,-12.02,15,33,0,15033
SACM,5,4,-0.00126331,1985,1986,243,16,17,455,485,-109.15,9,2,0,9002
SACM,5,5,-0.001513889,1985,1986,245,16,17,455,485,-130.8,15,33,0,15033
SACM,4,10,-0.001092477,1985,1986,246,16,17,455,485,-94.39,9,2,0,9002
SACM,8,3,-0.000456829,1985,1986,248,16,17,455,485,-39.47,9,2,0,9002
SACM,3,8,-0.000108912,1985,1986,251,16,17,455,485,-9.41,9,2,0,9002
SACM,7,3,-0.000571875,1985,1986,253,16,17,455,485,-49.41,9,2,0,9002
SACM,8,4,-0.000109144,1985,1986,254,16,17,455,485,-9.43,9,2,0,9002
SACM,3,4,-0.000196875,1985,1986,259,16,17,455,485,-17.01,9,2,0,9002
SACM,7,8,-0.000102199,1985,1986,263,16,17,455,485,-8.83,9,15,0,9015
SACM,7,9,-0.000177315,1985,1986,266,16,17,455,485,-15.32,15,58,0,15058
SACM,9,4,-0.000468519,1985,1986,267,16,17,455,485,-40.48,9,15,0,9015
SACM,8,8,-0.000723495,1985,1986,268,16,17,455,485,-62.51,15,58,0,15058
SACM,8,9,-0.000454167,1985,1986,270,16,17,455,485,-39.24,9,15,0,9015
SACM,3,5,-0.000250231,1985,1986,275,16,17,455,485,-21.62,15,58,0,15058
SACM,8,7,-0.000636458,1985,1986,276,16,17,455,485,-54.99,15,58,0,15058
SACM,4,3,-0.000590509,1985,1986,279,16,17,455,485,-51.02,9,15,0,9015
SACM,4,4,-0.000139352,1985,1986,280,16,17,455,485,-12.04,9,15,0,9015
SACM,4,5,-0.000394329,1985,1986,282,16,17,455,485,-34.07,15,58,0,15058
SACM,5,3,-0.001005671,1985,1986,285,16,17,455,485,-86.89,9,2,0,9002
SACM,5,4,-0.000479977,1985,1986,286,16,17,455,485,-41.47,15,33,0,15033
SACM,5,5,-0.000613773,1985,1986,288,16,17,455,485,-53.03,15,33,0,15033
SACM,4,10,-0.000327199,1985,1986,292,16,17,455,485,-28.27,9,2,0,9002
SACM,8,3,-0.000106944,1985,1986,293,16,17,455,485,-9.24,9,2,0,9002
SACM,3,8,-7.79E-05,1985,1986,295,16,17,455,485,-6.73,9,2,0,9002
SACM,8,3,-0.00030625,1985,1986,296,16,17,455,485,-26.46,9,2,0,9002
SACM,3,8,-0.000613773,1985,1986,298,16,17,455,485,-53.03,9,2,0,9002
SACM,7,3,-0.00075787,1985,1986,300,16,17,455,485,-65.48,9,2,0,9002
SACM,9,3,-0.000261343,1985,1986,224,17,18,485,516,-22.58,9,15,0,9015
SACM,3,10,-0.000562616,1985,1986,229,17,18,485,516,-48.61,15,58,0,15058
SACM,3,9,-0.000620833,1985,1986,230,17,18,485,516,-53.64,9,15,0,9015
SACM,7,4,-0.000344792,1985,1986,231,17,18,485,516,-29.79,15,58,0,15058
SACM,3,3,-7.23E-05,1985,1986,232,17,18,485,516,-6.25,15,58,0,15058
SACM,7,7,-0.000240046,1985,1986,233,17,18,485,516,-20.74,9,2,0,9002
SACM,8,7,-0.000658218,1985,1986,234,17,18,485,516,-56.87,15,33,0,15033
SACM,4,3,-0.000738426,1985,1986,235,17,18,485,516,-63.8,15,33,0,15033
SACM,4,4,-0.00025544,1985,1986,236,17,18,485,516,-22.07,15,58,0,15058
SACM,4,5,-0.000564352,1985,1986,241,17,18,485,516,-48.76,15,33,0,15033
SACM,5,3,-0.000136111,1985,1986,242,17,18,485,516,-11.76,15,33,0,15033
SACM,5,4,-0.001256944,1985,1986,243,17,18,485,516,-108.6,9,2,0,9002
SACM,5,5,-0.001491088,1985,1986,245,17,18,485,516,-128.83,15,33,0,15033
SACM,4,10,-0.000943056,1985,1986,246,17,18,485,516,-81.48,9,2,0,9002
SACM,8,3,-0.000458565,1985,1986,248,17,18,485,516,-39.62,9,2,0,9002
SACM,3,8,-0.000348958,1985,1986,251,17,18,485,516,-30.15,9,2,0,9002
SACM,7,3,-0.000537616,1985,1986,253,17,18,485,516,-46.45,9,2,0,9002
SACM,8,4,-0.000109722,1985,1986,254,17,18,485,516,-9.48,9,2,0,9002
SACM,3,4,-0.000209028,1985,1986,259,17,18,485,516,-18.06,9,2,0,9002
SACM,7,8,-7.89E-05,1985,1986,263,17,18,485,516,-6.82,9,15,0,9015
SACM,7,9,-0.000146181,1985,1986,266,17,18,485,516,-12.63,15,58,0,15058
SACM,9,4,-0.000610648,1985,1986,267,17,18,485,516,-52.76,9,15,0,9015
SACM,8,8,-0.000653588,1985,1986,268,17,18,485,516,-56.47,15,58,0,15058
SACM,8,9,-0.000470602,1985,1986,270,17,18,485,516,-40.66,9,15,0,9015
SACM,3,5,-0.000189815,1985,1986,275,17,18,485,516,-16.4,15,58,0,15058
SACM,8,7,-0.000489583,1985,1986,276,17,18,485,516,-42.3,15,58,0,15058
SACM,4,3,-0.000555671,1985,1986,279,17,18,485,516,-48.01,9,15,0,9015
SACM,4,4,-0.000402431,1985,1986,280,17,18,485,516,-34.77,9,15,0,9015
SACM,4,5,-0.000443634,1985,1986,282,17,18,485,516,-38.33,15,58,0,15058
SACM,5,3,-0.000937037,1985,1986,285,17,18,485,516,-80.96,9,2,0,9002
SACM,5,4,-0.000450463,1985,1986,286,17,18,485,516,-38.92,15,33,0,15033
SACM,5,5,-0.00061875,1985,1986,288,17,18,485,516,-53.46,15,33,0,15033
SACM,4,10,-0.000570023,1985,1986,292,17,18,485,516,-49.25,9,2,0,9002
SACM,8,3,-9.79E-05,1985,1986,293,17,18,485,516,-8.46,9,2,0,9002
SACM,3,8,-7.79E-05,1985,1986,295,17,18,485,516,-6.73,9,2,0,9002
SACM,8,3,-0.000282292,1985,1986,296,17,18,485,516,-24.39,9,2,0,9002
SACM,3,8,-0.000615625,1985,1986,298,17,18,485,516,-53.19,9,2,0,9002
SACM,7,3,-0.000450694,1985,1986,300,17,18,485,516,-38.94,9,2,0,9002
SACM,9,3,-0.000251736,1985,1986,224,18,19,516,546,-21.75,9,15,0,9015
SACM,3,10,-0.000564815,1985,1986,229,18,19,516,546,-48.8,15,58,0,15058
SACM,3,9,-0.000390972,1985,1986,230,18,19,516,546,-33.78,9,15,0,9015
SACM,7,4,-0.000200926,1985,1986,231,18,19,516,546,-17.36,15,58,0,15058
SACM,3,3,-7.28E-05,1985,1986,232,18,19,516,546,-6.29,15,58,0,15058
SACM,7,7,-0.000229745,1985,1986,233,18,19,516,546,-19.85,9,2,0,9002
SACM,8,7,-0.000649769,1985,1986,234,18,19,516,546,-56.14,15,33,0,15033
SACM,4,3,-0.000767245,1985,1986,235,18,19,516,546,-66.29,15,33,0,15033
SACM,4,4,-0.000163426,1985,1986,236,18,19,516,546,-14.12,15,58,0,15058
SACM,4,5,-0.000475,1985,1986,241,18,19,516,546,-41.04,15,33,0,15033
SACM,5,3,-0.00011169,1985,1986,242,18,19,516,546,-9.65,15,33,0,15033
SACM,5,4,-0.001232639,1985,1986,243,18,19,516,546,-106.5,9,2,0,9002
SACM,5,5,-0.001453125,1985,1986,245,18,19,516,546,-125.55,15,33,0,15033
SACM,4,10,-0.000229977,1985,1986,246,18,19,516,546,-19.87,9,2,0,9002
SACM,8,3,-0.000415856,1985,1986,248,18,19,516,546,-35.93,9,2,0,9002
SACM,3,8,-0.000366667,1985,1986,251,18,19,516,546,-31.68,9,2,0,9002
SACM,7,3,-0.000571875,1985,1986,253,18,19,516,546,-49.41,9,2,0,9002
SACM,8,4,-0.000107639,1985,1986,254,18,19,516,546,-9.3,9,2,0,9002
SACM,3,4,-0.000261343,1985,1986,259,18,19,516,546,-22.58,9,2,0,9002
SACM,7,8,-0.000118403,1985,1986,263,18,19,516,546,-10.23,9,15,0,9015
SACM,7,9,-0.000127199,1985,1986,266,18,19,516,546,-10.99,15,58,0,15058
SACM,9,4,-0.000466898,1985,1986,267,18,19,516,546,-40.34,9,15,0,9015
SACM,8,8,-0.000753125,1985,1986,268,18,19,516,546,-65.07,15,58,0,15058
SACM,8,9,-0.000443287,1985,1986,270,18,19,516,546,-38.3,9,15,0,9015
SACM,3,5,-0.000232523,1985,1986,275,18,19,516,546,-20.09,15,58,0,15058
SACM,8,7,-0.000397454,1985,1986,276,18,19,516,546,-34.34,15,58,0,15058
SACM,4,3,-0.000536227,1985,1986,279,18,19,516,546,-46.33,9,15,0,9015
SACM,4,4,-0.000439931,1985,1986,280,18,19,516,546,-38.01,9,15,0,9015
SACM,4,5,-0.00038206,1985,1986,282,18,19,516,546,-33.01,15,58,0,15058
SACM,5,3,-0.001040046,1985,1986,285,18,19,516,546,-89.86,9,2,0,9002
SACM,5,4,-0.000307176,1985,1986,286,18,19,516,546,-26.54,15,33,0,15033
SACM,5,5,-0.000591435,1985,1986,288,18,19,516,546,-51.1,15,33,0,15033
SACM,4,10,-0.000556944,1985,1986,292,18,19,516,546,-48.12,9,2,0,9002
SACM,8,3,-0.00033206,1985,1986,293,18,19,516,546,-28.69,9,2,0,9002
SACM,3,8,-5.47E-05,1985,1986,295,18,19,516,546,-4.73,9,2,0,9002
SACM,8,3,-0.000333218,1985,1986,296,18,19,516,546,-28.79,9,2,0,9002
SACM,3,8,-0.000557986,1985,1986,298,18,19,516,546,-48.21,9,2,0,9002
SACM,7,3,-0.000611574,1985,1986,300,18,19,516,546,-52.84,9,2,0,9002
SACM,9,3,-0.000146528,1985,1986,224,19,20,546,577,-12.66,9,15,0,9015
SACM,3,10,-0.000647454,1985,1986,229,19,20,546,577,-55.94,15,58,0,15058
SACM,3,9,-0.000606366,1985,1986,230,19,20,546,577,-52.39,9,15,0,9015
SACM,7,4,-0.000431481,1985,1986,231,19,20,546,577,-37.28,15,58,0,15058
SACM,3,3,-0.000090625,1985,1986,232,19,20,546,577,-7.83,15,58,0,15058
SACM,7,7,-0.000610417,1985,1986,233,19,20,546,577,-52.74,9,2,0,9002
SACM,8,7,-0.001028704,1985,1986,234,19,20,546,577,-88.88,15,33,0,15033
SACM,4,3,-0.000756019,1985,1986,235,19,20,546,577,-65.32,15,33,0,15033
SACM,4,4,-0.000197454,1985,1986,236,19,20,546,577,-17.06,15,58,0,15058
SACM,4,5,-0.00055463,1985,1986,241,19,20,546,577,-47.92,15,33,0,15033
SACM,5,3,-0.000110648,1985,1986,242,19,20,546,577,-9.56,15,33,0,15033
SACM,5,4,-0.001214699,1985,1986,243,19,20,546,577,-104.95,9,2,0,9002
SACM,5,5,-0.001436343,1985,1986,245,19,20,546,577,-124.1,15,33,0,15033
SACM,4,10,-0.000629282,1985,1986,246,19,20,546,577,-54.37,9,2,0,9002
SACM,8,3,-0.000330093,1985,1986,248,19,20,546,577,-28.52,9,2,0,9002
SACM,3,8,-0.000369676,1985,1986,251,19,20,546,577,-31.94,9,2,0,9002
SACM,7,3,-0.000441898,1985,1986,253,19,20,546,577,-38.18,9,2,0,9002
SACM,8,4,-0.000109028,1985,1986,254,19,20,546,577,-9.42,9,2,0,9002
SACM,3,4,-0.000219329,1985,1986,259,19,20,546,577,-18.95,9,2,0,9002
SACM,7,8,-4.90E-05,1985,1986,263,19,20,546,577,-4.23,9,15,0,9015
SACM,7,9,-0.000102546,1985,1986,266,19,20,546,577,-8.86,15,58,0,15058
SACM,9,4,-0.000530324,1985,1986,267,19,20,546,577,-45.82,9,15,0,9015
SACM,8,8,-0.000369444,1985,1986,268,19,20,546,577,-31.92,15,58,0,15058
SACM,8,9,-0.000381829,1985,1986,270,19,20,546,577,-32.99,9,15,0,9015
SACM,3,5,-0.000282755,1985,1986,275,19,20,546,577,-24.43,15,58,0,15058
SACM,8,7,-0.000487963,1985,1986,276,19,20,546,577,-42.16,15,58,0,15058
SACM,4,3,-0.000525231,1985,1986,279,19,20,546,577,-45.38,9,15,0,9015
SACM,4,4,-0.000507176,1985,1986,280,19,20,546,577,-43.82,9,15,0,9015
SACM,4,5,-0.000389583,1985,1986,282,19,20,546,577,-33.66,15,58,0,15058
SACM,5,3,-0.000925579,1985,1986,285,19,20,546,577,-79.97,9,2,0,9002
SACM,5,4,-0.000268519,1985,1986,286,19,20,546,577,-23.2,15,33,0,15033
SACM,5,5,-0.000593981,1985,1986,288,19,20,546,577,-51.32,15,33,0,15033
SACM,4,10,-0.000559144,1985,1986,292,19,20,546,577,-48.31,9,2,0,9002
SACM,8,3,-0.00029375,1985,1986,293,19,20,546,577,-25.38,9,2,0,9002
SACM,3,8,-7.92E-05,1985,1986,295,19,20,546,577,-6.84,9,2,0,9002
SACM,8,3,-0.000384606,1985,1986,296,19,20,546,577,-33.23,9,2,0,9002
SACM,3,8,-0.000619329,1985,1986,298,19,20,546,577,-53.51,9,2,0,9002
SACM,7,3,-0.000359722,1985,1986,300,19,20,546,577,-31.08,9,2,0,9002
SACM,9,3,-6.91E-05,1985,1986,224,20,21,577,608,-5.97,9,15,0,9015
SACM,3,10,-0.000591551,1985,1986,229,20,21,577,608,-51.11,15,58,0,15058
SACM,3,9,-0.000565509,1985,1986,230,20,21,577,608,-48.86,9,15,0,9015
SACM,7,4,-0.00047037,1985,1986,231,20,21,577,608,-40.64,15,58,0,15058
SACM,3,3,-8.85E-05,1985,1986,232,20,21,577,608,-7.65,15,58,0,15058
SACM,7,7,-0.000603472,1985,1986,233,20,21,577,608,-52.14,9,2,0,9002
SACM,8,7,-0.001053704,1985,1986,234,20,21,577,608,-91.04,15,33,0,15033
SACM,4,3,-0.000731944,1985,1986,235,20,21,577,608,-63.24,15,33,0,15033
SACM,4,4,-0.000175579,1985,1986,236,20,21,577,608,-15.17,15,58,0,15058
SACM,4,5,-0.000509259,1985,1986,241,20,21,577,608,-44,15,33,0,15033
SACM,5,3,-0.000122106,1985,1986,242,20,21,577,608,-10.55,15,33,0,15033
SACM,5,4,-0.001163542,1985,1986,243,20,21,577,608,-100.53,9,2,0,9002
SACM,5,5,-0.001390856,1985,1986,245,20,21,577,608,-120.17,15,33,0,15033
SACM,4,10,-0.000527778,1985,1986,246,20,21,577,608,-45.6,9,2,0,9002
SACM,8,3,-0.000333333,1985,1986,248,20,21,577,608,-28.8,9,2,0,9002
SACM,3,8,-0.000368519,1985,1986,251,20,21,577,608,-31.84,9,2,0,9002
SACM,7,3,-0.00056169,1985,1986,253,20,21,577,608,-48.53,9,2,0,9002
SACM,8,4,-0.000109722,1985,1986,254,20,21,577,608,-9.48,9,2,0,9002
SACM,3,4,-0.000199306,1985,1986,259,20,21,577,608,-17.22,9,2,0,9002
SACM,7,8,-9.92E-05,1985,1986,263,20,21,577,608,-8.57,9,15,0,9015
SACM,7,9,-0.000126273,1985,1986,266,20,21,577,608,-10.91,15,58,0,15058
SACM,9,4,-0.000509028,1985,1986,267,20,21,577,608,-43.98,9,15,0,9015
SACM,8,8,-2.66E-05,1985,1986,268,20,21,577,608,-2.3,15,58,0,15058
SACM,8,9,-0.000396991,1985,1986,270,20,21,577,608,-34.3,9,15,0,9015
SACM,3,5,-0.000237847,1985,1986,275,20,21,577,608,-20.55,15,58,0,15058
SACM,8,7,-0.000468056,1985,1986,276,20,21,577,608,-40.44,15,58,0,15058
SACM,4,3,-0.000524653,1985,1986,279,20,21,577,608,-45.33,9,15,0,9015
SACM,4,4,-0.000497685,1985,1986,280,20,21,577,608,-43,9,15,0,9015
SACM,4,5,-0.000354861,1985,1986,282,20,21,577,608,-30.66,15,58,0,15058
SACM,5,3,-0.000881944,1985,1986,285,20,21,577,608,-76.2,9,2,0,9002
SACM,5,4,-0.000392014,1985,1986,286,20,21,577,608,-33.87,15,33,0,15033
SACM,5,5,-0.000591435,1985,1986,288,20,21,577,608,-51.1,15,33,0,15033
SACM,4,10,-0.000530093,1985,1986,292,20,21,577,608,-45.8,9,2,0,9002
SACM,8,3,-0.000179977,1985,1986,293,20,21,577,608,-15.55,9,2,0,9002
SACM,3,8,-8.08E-05,1985,1986,295,20,21,577,608,-6.98,9,2,0,9002
SACM,8,3,-0.000351157,1985,1986,296,20,21,577,608,-30.34,9,2,0,9002
SACM,3,8,-0.000541898,1985,1986,298,20,21,577,608,-46.82,9,2,0,9002
SACM,7,3,-0.000802546,1985,1986,300,20,21,577,608,-69.34,9,2,0,9002
SACM,9,3,-0.000206366,1985,1986,224,21,22,608,638,-17.83,9,15,0,9015
SACM,3,10,-0.000636343,1985,1986,229,21,22,608,638,-54.98,15,58,0,15058
SACM,3,9,-0.000584606,1985,1986,230,21,22,608,638,-50.51,9,15,0,9015
SACM,7,4,-0.000470833,1985,1986,231,21,22,608,638,-40.68,15,58,0,15058
SACM,3,3,-8.04E-05,1985,1986,232,21,22,608,638,-6.95,15,58,0,15058
SACM,7,7,-0.00068669,1985,1986,233,21,22,608,638,-59.33,9,2,0,9002
SACM,8,7,-0.001059954,1985,1986,234,21,22,608,638,-91.58,15,33,0,15033
SACM,4,3,-0.000766435,1985,1986,235,21,22,608,638,-66.22,15,33,0,15033
SACM,4,4,-0.000195833,1985,1986,236,21,22,608,638,-16.92,15,58,0,15058
SACM,4,5,-0.000557407,1985,1986,241,21,22,608,638,-48.16,15,33,0,15033
SACM,5,3,-0.000133796,1985,1986,242,21,22,608,638,-11.56,15,33,0,15033
SACM,5,4,-0.001239005,1985,1986,243,21,22,608,638,-107.05,9,2,0,9002
SACM,5,5,-0.00148044,1985,1986,245,21,22,608,638,-127.91,15,33,0,15033
SACM,4,10,-0.000582176,1985,1986,246,21,22,608,638,-50.3,9,2,0,9002
SACM,8,3,-0.000327546,1985,1986,248,21,22,608,638,-28.3,9,2,0,9002
SACM,3,8,-0.000132986,1985,1986,251,21,22,608,638,-11.49,9,2,0,9002
SACM,7,3,-0.000588194,1985,1986,253,21,22,608,638,-50.82,9,2,0,9002
SACM,8,4,-0.000109375,1985,1986,254,21,22,608,638,-9.45,9,2,0,9002
SACM,3,4,-0.000209838,1985,1986,259,21,22,608,638,-18.13,9,2,0,9002
SACM,7,8,-0.00011794,1985,1986,263,21,22,608,638,-10.19,9,15,0,9015
SACM,7,9,-0.000151968,1985,1986,266,21,22,608,638,-13.13,15,58,0,15058
SACM,9,4,-0.000282523,1985,1986,267,21,22,608,638,-24.41,9,15,0,9015
SACM,8,8,-0.000373495,1985,1986,268,21,22,608,638,-32.27,15,58,0,15058
SACM,8,9,-0.000387269,1985,1986,270,21,22,608,638,-33.46,9,15,0,9015
SACM,3,5,-0.000208333,1985,1986,275,21,22,608,638,-18,15,58,0,15058
SACM,8,7,-0.000361574,1985,1986,276,21,22,608,638,-31.24,15,58,0,15058
SACM,4,3,-0.000507639,1985,1986,279,21,22,608,638,-43.86,9,15,0,9015
SACM,4,4,-0.000524653,1985,1986,280,21,22,608,638,-45.33,9,15,0,9015
SACM,4,5,-0.000439468,1985,1986,282,21,22,608,638,-37.97,15,58,0,15058
SACM,5,3,-0.000993171,1985,1986,285,21,22,608,638,-85.81,9,2,0,9002
SACM,5,4,-0.000418981,1985,1986,286,21,22,608,638,-36.2,15,33,0,15033
SACM,5,5,-0.000436458,1985,1986,288,21,22,608,638,-37.71,15,33,0,15033
SACM,4,10,-0.000568866,1985,1986,292,21,22,608,638,-49.15,9,2,0,9002
SACM,8,3,-0.000179861,1985,1986,293,21,22,608,638,-15.54,9,2,0,9002
SACM,3,8,-5.98E-05,1985,1986,295,21,22,608,638,-5.17,9,2,0,9002
SACM,8,3,-0.000329977,1985,1986,296,21,22,608,638,-28.51,9,2,0,9002
SACM,3,8,-0.000591435,1985,1986,298,21,22,608,638,-51.1,9,2,0,9002
SACM,7,3,-0.000864005,1985,1986,300,21,22,608,638,-74.65,9,2,0,9002
SACM,9,3,-0.000212384,1985,1986,224,22,23,638,669,-18.35,9,15,0,9015
SACM,3,10,-0.000568171,1985,1986,229,22,23,638,669,-49.09,15,58,0,15058
SACM,3,9,-0.000571296,1985,1986,230,22,23,638,669,-49.36,9,15,0,9015
SACM,7,4,-0.000473727,1985,1986,231,22,23,638,669,-40.93,15,58,0,15058
SACM,3,3,-7.75E-05,1985,1986,232,22,23,638,669,-6.7,15,58,0,15058
SACM,7,7,-0.000712963,1985,1986,233,22,23,638,669,-61.6,9,2,0,9002
SACM,8,7,-0.000580556,1985,1986,234,22,23,638,669,-50.16,15,33,0,15033
SACM,4,3,-0.000733565,1985,1986,235,22,23,638,669,-63.38,15,33,0,15033
SACM,4,4,-0.000208565,1985,1986,236,22,23,638,669,-18.02,15,58,0,15058
SACM,4,5,-0.000546412,1985,1986,241,22,23,638,669,-47.21,15,33,0,15033
SACM,5,3,-0.000138657,1985,1986,242,22,23,638,669,-11.98,15,33,0,15033
SACM,5,4,-0.001276157,1985,1986,243,22,23,638,669,-110.26,9,2,0,9002
SACM,5,5,-0.001504745,1985,1986,245,22,23,638,669,-130.01,15,33,0,15033
SACM,4,10,-0.000601505,1985,1986,246,22,23,638,669,-51.97,9,2,0,9002
SACM,8,3,-0.000364931,1985,1986,248,22,23,638,669,-31.53,9,2,0,9002
SACM,3,8,-0.000139583,1985,1986,251,22,23,638,669,-12.06,9,2,0,9002
SACM,7,3,-0.000588194,1985,1986,253,22,23,638,669,-50.82,9,2,0,9002
SACM,8,4,-0.000109722,1985,1986,254,22,23,638,669,-9.48,9,2,0,9002
SACM,3,4,-0.00021713,1985,1986,259,22,23,638,669,-18.76,9,2,0,9002
SACM,7,8,-6.03E-05,1985,1986,263,22,23,638,669,-5.21,9,15,0,9015
SACM,7,9,-0.000399537,1985,1986,266,22,23,638,669,-34.52,15,58,0,15058
SACM,9,4,-0.000402778,1985,1986,267,22,23,638,669,-34.8,9,15,0,9015
SACM,8,8,-0.000361458,1985,1986,268,22,23,638,669,-31.23,15,58,0,15058
SACM,8,9,-0.000373611,1985,1986,270,22,23,638,669,-32.28,9,15,0,9015
SACM,3,5,-0.000246759,1985,1986,275,22,23,638,669,-21.32,15,58,0,15058
SACM,8,7,-0.000493519,1985,1986,276,22,23,638,669,-42.64,15,58,0,15058
SACM,4,3,-0.000507639,1985,1986,279,22,23,638,669,-43.86,9,15,0,9015
SACM,4,4,-0.000493981,1985,1986,280,22,23,638,669,-42.68,9,15,0,9015
SACM,4,5,-0.000784722,1985,1986,282,22,23,638,669,-67.8,15,58,0,15058
SACM,5,3,-0.000473032,1985,1986,285,22,23,638,669,-40.87,9,2,0,9002
SACM,5,4,-0.000285764,1985,1986,286,22,23,638,669,-24.69,15,33,0,15033
SACM,5,5,-0.000330093,1985,1986,288,22,23,638,669,-28.52,15,33,0,15033
SACM,4,10,-0.00015787,1985,1986,292,22,23,638,669,-13.64,9,2,0,9002
SACM,8,3,-0.000179861,1985,1986,293,22,23,638,669,-15.54,9,2,0,9002
SACM,3,8,-6.11E-05,1985,1986,295,22,23,638,669,-5.28,9,2,0,9002
SACM,8,3,-0.000334028,1985,1986,296,22,23,638,669,-28.86,9,2,0,9002
SACM,3,8,-0.000597106,1985,1986,298,22,23,638,669,-51.59,9,2,0,9002
SACM,7,3,-0.000892824,1985,1986,300,22,23,638,669,-77.14,9,2,0,9002
SACM,9,3,-0.000203472,1985,1986,224,23,24,669,699,-17.58,9,15,0,9015
SACM,3,10,-0.000558102,1985,1986,229,23,24,669,699,-48.22,15,58,0,15058
SACM,3,9,-0.000575926,1985,1986,230,23,24,669,699,-49.76,9,15,0,9015
SACM,7,4,-0.000410764,1985,1986,231,23,24,669,699,-35.49,15,58,0,15058
SACM,3,3,-8.78E-05,1985,1986,232,23,24,669,699,-7.59,15,58,0,15058
SACM,7,7,-0.000734606,1985,1986,233,23,24,669,699,-63.47,9,2,0,9002
SACM,8,7,-0.000718403,1985,1986,234,23,24,669,699,-62.07,15,33,0,15033
SACM,4,3,-0.000707176,1985,1986,235,23,24,669,699,-61.1,15,33,0,15033
SACM,4,4,-0.000207523,1985,1986,236,23,24,669,699,-17.93,15,58,0,15058
SACM,4,5,-0.000568403,1985,1986,241,23,24,669,699,-49.11,15,33,0,15033
SACM,5,3,-0.000233796,1985,1986,242,23,24,669,699,-20.2,15,33,0,15033
SACM,5,4,-0.001203704,1985,1986,243,23,24,669,699,-104,9,2,0,9002
SACM,5,5,-0.001435185,1985,1986,245,23,24,669,699,-124,15,33,0,15033
SACM,4,10,-0.000643056,1985,1986,246,23,24,669,699,-55.56,9,2,0,9002
SACM,8,3,-0.000354514,1985,1986,248,23,24,669,699,-30.63,9,2,0,9002
SACM,3,8,-0.000139468,1985,1986,251,23,24,669,699,-12.05,9,2,0,9002
SACM,7,3,-0.000497917,1985,1986,253,23,24,669,699,-43.02,9,2,0,9002
SACM,8,4,-0.000198843,1985,1986,254,23,24,669,699,-17.18,9,2,0,9002
SACM,3,4,-0.000214005,1985,1986,259,23,24,669,699,-18.49,9,2,0,9002
SACM,7,8,-2.00E-05,1985,1986,263,23,24,669,699,-1.73,9,15,0,9015
SACM,7,9,-0.000162384,1985,1986,266,23,24,669,699,-14.03,15,58,0,15058
SACM,9,4,-0.000405556,1985,1986,267,23,24,669,699,-35.04,9,15,0,9015
SACM,8,8,-0.000371528,1985,1986,268,23,24,669,699,-32.1,15,58,0,15058
SACM,8,9,-0.000200347,1985,1986,270,23,24,669,699,-17.31,9,15,0,9015
SACM,3,5,-0.000330556,1985,1986,275,23,24,669,699,-28.56,15,58,0,15058
SACM,8,7,-0.000481134,1985,1986,276,23,24,669,699,-41.57,15,58,0,15058
SACM,4,3,-0.000541782,1985,1986,279,23,24,669,699,-46.81,9,15,0,9015
SACM,4,4,-0.00048287,1985,1986,280,23,24,669,699,-41.72,9,15,0,9015
SACM,4,5,-0.000263194,1985,1986,282,23,24,669,699,-22.74,15,58,0,15058
SACM,5,3,-0.000842361,1985,1986,285,23,24,669,699,-72.78,9,2,0,9002
SACM,5,4,-0.000392014,1985,1986,286,23,24,669,699,-33.87,15,33,0,15033
SACM,5,5,-0.000445949,1985,1986,288,23,24,669,699,-38.53,15,33,0,15033
SACM,4,10,-0.000429167,1985,1986,292,23,24,669,699,-37.08,9,2,0,9002
SACM,8,3,-0.000279398,1985,1986,293,23,24,669,699,-24.14,9,2,0,9002
SACM,3,8,-0.000195023,1985,1986,295,23,24,669,699,-16.85,9,2,0,9002
SACM,8,3,-0.00032963,1985,1986,296,23,24,669,699,-28.48,9,2,0,9002
SACM,3,8,-0.000528588,1985,1986,298,23,24,669,699,-45.67,9,2,0,9002
SACM,7,3,-0.000925347,1985,1986,300,23,24,669,699,-79.95,9,2,0,9002
SACM,9,3,-0.000225694,1985,1986,224,24,25,699,730,-19.5,9,15,0,9015
SACM,3,10,-0.000493287,1985,1986,229,24,25,699,730,-42.62,15,58,0,15058
SACM,3,9,-0.00018206,1985,1986,230,24,25,699,730,-15.73,9,15,0,9015
SACM,7,4,-0.000196412,1985,1986,231,24,25,699,730,-16.97,15,58,0,15058
SACM,3,3,-0.000368056,1985,1986,232,24,25,699,730,-31.8,15,58,0,15058
SACM,7,7,-0.000458102,1985,1986,233,24,25,699,730,-39.58,9,2,0,9002
SACM,8,7,-0.000264583,1985,1986,234,24,25,699,730,-22.86,15,33,0,15033
SACM,4,3,-0.000212731,1985,1986,235,24,25,699,730,-18.38,15,33,0,15033
SACM,4,4,-0.000604745,1985,1986,236,24,25,699,730,-52.25,15,58,0,15058
SACM,4,5,-0.000697685,1985,1986,241,24,25,699,730,-60.28,15,33,0,15033
SACM,5,3,-0.000580093,1985,1986,242,24,25,699,730,-50.12,15,33,0,15033
SACM,5,4,-0.000245139,1985,1986,243,24,25,699,730,-21.18,9,2,0,9002
SACM,5,5,-0.000318634,1985,1986,245,24,25,699,730,-27.53,15,33,0,15033
SACM,4,10,-0.000236921,1985,1986,246,24,25,699,730,-20.47,9,2,0,9002
SACM,8,3,-0.000148495,1985,1986,248,24,25,699,730,-12.83,9,2,0,9002
SACM,3,8,-8.66E-05,1985,1986,251,24,25,699,730,-7.48,9,2,0,9002
SACM,7,3,-0.000204167,1985,1986,253,24,25,699,730,-17.64,9,2,0,9002
SACM,8,4,-0.000110648,1985,1986,254,24,25,699,730,-9.56,9,2,0,9002
SACM,3,4,-0.000572454,1985,1986,259,24,25,699,730,-49.46,9,2,0,9002
SACM,7,8,-0.000219792,1985,1986,263,24,25,699,730,-18.99,9,15,0,9015
SACM,7,9,-0.00100463,1985,1986,266,24,25,699,730,-86.8,15,58,0,15058
SACM,9,4,-0.000388542,1985,1986,267,24,25,699,730,-33.57,9,15,0,9015
SACM,8,8,-0.000642824,1985,1986,268,24,25,699,730,-55.54,15,58,0,15058
SACM,8,9,-0.000635648,1985,1986,270,24,25,699,730,-54.92,9,15,0,9015
SACM,3,5,-0.000237847,1985,1986,275,24,25,699,730,-20.55,15,58,0,15058
SACM,8,7,-0.000734722,1985,1986,276,24,25,699,730,-63.48,15,58,0,15058
SACM,4,3,-0.000404167,1985,1986,279,24,25,699,730,-34.92,9,15,0,9015
SACM,4,4,-0.000376157,1985,1986,280,24,25,699,730,-32.5,9,15,0,9015
SACM,4,5,-0.000350694,1985,1986,282,24,25,699,730,-30.3,15,58,0,15058
SACM,5,3,-0.000689005,1985,1986,285,24,25,699,730,-59.53,9,2,0,9002
SACM,5,4,-0.00041794,1985,1986,286,24,25,699,730,-36.11,15,33,0,15033
SACM,5,5,-0.000174074,1985,1986,288,24,25,699,730,-15.04,15,33,0,15033
SACM,4,10,-0.000440278,1985,1986,292,24,25,699,730,-38.04,9,2,0,9002
SACM,8,3,-0.000308218,1985,1986,293,24,25,699,730,-26.63,9,2,0,9002
SACM,3,8,-0.000924421,1985,1986,295,24,25,699,730,-79.87,9,2,0,9002
SACM,8,3,-0.000297801,1985,1986,296,24,25,699,730,-25.73,9,2,0,9002
SACM,3,8,-0.000731944,1985,1986,298,24,25,699,730,-63.24,9,2,0,9002
SACM,7,3,-0.000372454,1985,1986,300,24,25,699,730,-32.18,9,2,0,9002
SACM,9,3,-0.000274537,1986,1987,224,25,26,730,761,-23.72,9,15,0,9015
SACM,3,10,-0.000544329,1986,1987,229,25,26,730,761,-47.03,15,58,0,15058
SACM,3,9,-0.000549769,1986,1987,230,25,26,730,761,-47.5,9,15,0,9015
SACM,7,4,-0.000372801,1986,1987,231,25,26,730,761,-32.21,15,58,0,15058
SACM,3,3,-6.89E-05,1986,1987,232,25,26,730,761,-5.95,15,58,0,15058
SACM,7,7,-0.000188773,1986,1987,233,25,26,730,761,-16.31,9,2,0,9002
SACM,8,7,-0.000606019,1986,1987,234,25,26,730,761,-52.36,15,33,0,15033
SACM,4,3,-0.000776042,1986,1987,235,25,26,730,761,-67.05,15,33,0,15033
SACM,4,4,-0.000235995,1986,1987,236,25,26,730,761,-20.39,15,58,0,15058
SACM,4,5,-0.000494213,1986,1987,241,25,26,730,761,-42.7,15,33,0,15033
SACM,5,3,-0.000102199,1986,1987,242,25,26,730,761,-8.83,15,33,0,15033
SACM,5,4,-0.001233912,1986,1987,243,25,26,730,761,-106.61,9,2,0,9002
SACM,5,5,-0.000785301,1986,1987,245,25,26,730,761,-67.85,15,33,0,15033
SACM,4,10,-0.000979745,1986,1987,246,25,26,730,761,-84.65,9,2,0,9002
SACM,8,3,-0.000425231,1986,1987,248,25,26,730,761,-36.74,9,2,0,9002
SACM,3,8,-6.98E-05,1986,1987,251,25,26,730,761,-6.03,9,2,0,9002
SACM,7,3,-0.000506944,1986,1987,253,25,26,730,761,-43.8,9,2,0,9002
SACM,8,4,-0.000109722,1986,1987,254,25,26,730,761,-9.48,9,2,0,9002
SACM,3,4,-0.000228356,1986,1987,259,25,26,730,761,-19.73,9,2,0,9002
SACM,7,8,-0.000112616,1986,1987,263,25,26,730,761,-9.73,9,15,0,9015
SACM,7,9,-0.000169907,1986,1987,266,25,26,730,761,-14.68,15,58,0,15058
SACM,9,4,-0.000648727,1986,1987,267,25,26,730,761,-56.05,9,15,0,9015
SACM,8,8,-0.000589468,1986,1987,268,25,26,730,761,-50.93,15,58,0,15058
SACM,8,9,-0.000451042,1986,1987,270,25,26,730,761,-38.97,9,15,0,9015
SACM,3,5,-0.0002625,1986,1987,275,25,26,730,761,-22.68,15,58,0,15058
SACM,8,7,-0.000348495,1986,1987,276,25,26,730,761,-30.11,15,58,0,15058
SACM,4,3,-0.000482523,1986,1987,279,25,26,730,761,-41.69,9,15,0,9015
SACM,4,4,-2.00E-05,1986,1987,280,25,26,730,761,-1.73,9,15,0,9015
SACM,4,5,-0.000461574,1986,1987,282,25,26,730,761,-39.88,15,58,0,15058
SACM,5,3,-0.00102963,1986,1987,285,25,26,730,761,-88.96,9,2,0,9002
SACM,5,4,-0.000496528,1986,1987,286,25,26,730,761,-42.9,15,33,0,15033
SACM,5,5,-0.000603241,1986,1987,288,25,26,730,761,-52.12,15,33,0,15033
SACM,4,10,-0.000319792,1986,1987,292,25,26,730,761,-27.63,9,2,0,9002
SACM,8,3,-0.000101389,1986,1987,293,25,26,730,761,-8.76,9,2,0,9002
SACM,3,8,-0.000148148,1986,1987,295,25,26,730,761,-12.8,9,2,0,9002
SACM,8,3,-0.000239699,1986,1987,296,25,26,730,761,-20.71,9,2,0,9002
SACM,3,8,-0.000565972,1986,1987,298,25,26,730,761,-48.9,9,2,0,9002
SACM,7,3,-0.001190394,1986,1987,300,25,26,730,761,-102.85,9,2,0,9002
SACM,9,3,-0.000247222,1986,1987,224,26,27,761,789,-21.36,9,15,0,9015
SACM,3,10,-0.000564352,1986,1987,229,26,27,761,789,-48.76,15,58,0,15058
SACM,3,9,-0.000527315,1986,1987,230,26,27,761,789,-45.56,9,15,0,9015
SACM,7,4,-0.000348611,1986,1987,231,26,27,761,789,-30.12,15,58,0,15058
SACM,3,3,-8.29E-05,1986,1987,232,26,27,761,789,-7.16,15,58,0,15058
SACM,7,7,-0.000189815,1986,1987,233,26,27,761,789,-16.4,9,2,0,9002
SACM,8,7,-0.000600347,1986,1987,234,26,27,761,789,-51.87,15,33,0,15033
SACM,4,3,-0.000777546,1986,1987,235,26,27,761,789,-67.18,15,33,0,15033
SACM,4,4,-0.000222454,1986,1987,236,26,27,761,789,-19.22,15,58,0,15058
SACM,4,5,-0.00057419,1986,1987,241,26,27,761,789,-49.61,15,33,0,15033
SACM,5,3,-0.000103935,1986,1987,242,26,27,761,789,-8.98,15,33,0,15033
SACM,5,4,-0.001267245,1986,1987,243,26,27,761,789,-109.49,9,2,0,9002
SACM,5,5,-0.000780556,1986,1987,245,26,27,761,789,-67.44,15,33,0,15033
SACM,4,10,-0.000995949,1986,1987,246,26,27,761,789,-86.05,9,2,0,9002
SACM,8,3,-0.000423611,1986,1987,248,26,27,761,789,-36.6,9,2,0,9002
SACM,3,8,-7.45E-05,1986,1987,251,26,27,761,789,-6.44,9,2,0,9002
SACM,7,3,-0.000477894,1986,1987,253,26,27,761,789,-41.29,9,2,0,9002
SACM,8,4,-0.000090625,1986,1987,254,26,27,761,789,-7.83,9,2,0,9002
SACM,3,4,-0.00025,1986,1987,259,26,27,761,789,-21.6,9,2,0,9002
SACM,7,8,-0.00010706,1986,1987,263,26,27,761,789,-9.25,9,15,0,9015
SACM,7,9,-0.000177546,1986,1987,266,26,27,761,789,-15.34,15,58,0,15058
SACM,9,4,-0.000678009,1986,1987,267,26,27,761,789,-58.58,9,15,0,9015
SACM,8,8,-0.000584722,1986,1987,268,26,27,761,789,-50.52,15,58,0,15058
SACM,8,9,-0.00043669,1986,1987,270,26,27,761,789,-37.73,9,15,0,9015
SACM,3,5,-0.000246875,1986,1987,275,26,27,761,789,-21.33,15,58,0,15058
SACM,8,7,-0.000619792,1986,1987,276,26,27,761,789,-53.55,15,58,0,15058
SACM,4,3,-0.000581944,1986,1987,279,26,27,761,789,-50.28,9,15,0,9015
SACM,4,4,-0.000460764,1986,1987,280,26,27,761,789,-39.81,9,15,0,9015
SACM,4,5,-0.000468634,1986,1987,282,26,27,761,789,-40.49,15,58,0,15058
SACM,5,3,-0.001036921,1986,1987,285,26,27,761,789,-89.59,9,2,0,9002
SACM,5,4,-0.000496991,1986,1987,286,26,27,761,789,-42.94,15,33,0,15033
SACM,5,5,-0.000532639,1986,1987,288,26,27,761,789,-46.02,15,33,0,15033
SACM,4,10,-0.000390046,1986,1987,292,26,27,761,789,-33.7,9,2,0,9002
SACM,8,3,-0.000103125,1986,1987,293,26,27,761,789,-8.91,9,2,0,9002
SACM,3,8,-0.000150694,1986,1987,295,26,27,761,789,-13.02,9,2,0,9002
SACM,8,3,-0.000216551,1986,1987,296,26,27,761,789,-18.71,9,2,0,9002
SACM,3,8,-0.000565972,1986,1987,298,26,27,761,789,-48.9,9,2,0,9002
SACM,7,3,-0.001194213,1986,1987,300,26,27,761,789,-103.18,9,2,0,9002
SACM,9,3,-0.000295255,1986,1987,224,27,28,789,820,-25.51,9,15,0,9015
SACM,3,10,-0.000532986,1986,1987,229,27,28,789,820,-46.05,15,58,0,15058
SACM,3,9,-0.000358449,1986,1987,230,27,28,789,820,-30.97,9,15,0,9015
SACM,7,4,-0.000336343,1986,1987,231,27,28,789,820,-29.06,15,58,0,15058
SACM,3,3,-7.26E-05,1986,1987,232,27,28,789,820,-6.27,15,58,0,15058
SACM,7,7,-0.000281481,1986,1987,233,27,28,789,820,-24.32,9,2,0,9002
SACM,8,7,-0.000567014,1986,1987,234,27,28,789,820,-48.99,15,33,0,15033
SACM,4,3,-0.000755208,1986,1987,235,27,28,789,820,-65.25,15,33,0,15033
SACM,4,4,-0.000265625,1986,1987,236,27,28,789,820,-22.95,15,58,0,15058
SACM,4,5,-0.000557407,1986,1987,241,27,28,789,820,-48.16,15,33,0,15033
SACM,5,3,-0.000135417,1986,1987,242,27,28,789,820,-11.7,15,33,0,15033
SACM,5,4,-0.001233912,1986,1987,243,27,28,789,820,-106.61,9,2,0,9002
SACM,5,5,-0.000754398,1986,1987,245,27,28,789,820,-65.18,15,33,0,15033
SACM,4,10,-0.00098669,1986,1987,246,27,28,789,820,-85.25,9,2,0,9002
SACM,8,3,-0.000454977,1986,1987,248,27,28,789,820,-39.31,9,2,0,9002
SACM,3,8,-9.53E-05,1986,1987,251,27,28,789,820,-8.23,9,2,0,9002
SACM,7,3,-0.000565509,1986,1987,253,27,28,789,820,-48.86,9,2,0,9002
SACM,8,4,-0.000101736,1986,1987,254,27,28,789,820,-8.79,9,2,0,9002
SACM,3,4,-0.000163542,1986,1987,259,27,28,789,820,-14.13,9,2,0,9002
SACM,7,8,-0.000107523,1986,1987,263,27,28,789,820,-9.29,9,15,0,9015
SACM,7,9,-0.000143403,1986,1987,266,27,28,789,820,-12.39,15,58,0,15058
SACM,9,4,-0.000613426,1986,1987,267,27,28,789,820,-53,9,15,0,9015
SACM,8,8,-0.000759954,1986,1987,268,27,28,789,820,-65.66,15,58,0,15058
SACM,8,9,-0.000433565,1986,1987,270,27,28,789,820,-37.46,9,15,0,9015
SACM,3,5,-0.000250579,1986,1987,275,27,28,789,820,-21.65,15,58,0,15058
SACM,8,7,-0.00065463,1986,1987,276,27,28,789,820,-56.56,15,58,0,15058
SACM,4,3,-0.000561806,1986,1987,279,27,28,789,820,-48.54,9,15,0,9015
SACM,4,4,-0.000301968,1986,1987,280,27,28,789,820,-26.09,9,15,0,9015
SACM,4,5,-0.000109491,1986,1987,282,27,28,789,820,-9.46,15,58,0,15058
SACM,5,3,-0.000886111,1986,1987,285,27,28,789,820,-76.56,9,2,0,9002
SACM,5,4,-0.000426042,1986,1987,286,27,28,789,820,-36.81,15,33,0,15033
SACM,5,5,-0.000528241,1986,1987,288,27,28,789,820,-45.64,15,33,0,15033
SACM,4,10,-0.000386111,1986,1987,292,27,28,789,820,-33.36,9,2,0,9002
SACM,8,3,-0.000103588,1986,1987,293,27,28,789,820,-8.95,9,2,0,9002
SACM,3,8,-0.000102199,1986,1987,295,27,28,789,820,-8.83,9,2,0,9002
SACM,8,3,-0.000228588,1986,1987,296,27,28,789,820,-19.75,9,2,0,9002
SACM,3,8,-0.000522685,1986,1987,298,27,28,789,820,-45.16,9,2,0,9002
SACM,7,3,-0.000787963,1986,1987,300,27,28,789,820,-68.08,9,2,0,9002
SACM,9,3,-0.000297569,1986,1987,224,28,29,820,850,-25.71,9,15,0,9015
SACM,3,10,-0.000565394,1986,1987,229,28,29,820,850,-48.85,15,58,0,15058
SACM,3,9,-0.000590741,1986,1987,230,28,29,820,850,-51.04,9,15,0,9015
SACM,7,4,-0.000337384,1986,1987,231,28,29,820,850,-29.15,15,58,0,15058
SACM,3,3,-6.98E-05,1986,1987,232,28,29,820,850,-6.03,15,58,0,15058
SACM,7,7,-0.000239352,1986,1987,233,28,29,820,850,-20.68,9,2,0,9002
SACM,8,7,-0.000593519,1986,1987,234,28,29,820,850,-51.28,15,33,0,15033
SACM,4,3,-0.000677546,1986,1987,235,28,29,820,850,-58.54,15,33,0,15033
SACM,4,4,-0.000247106,1986,1987,236,28,29,820,850,-21.35,15,58,0,15058
SACM,4,5,-0.00057419,1986,1987,241,28,29,820,850,-49.61,15,33,0,15033
SACM,5,3,-0.00013912,1986,1987,242,28,29,820,850,-12.02,15,33,0,15033
SACM,5,4,-0.00126331,1986,1987,243,28,29,820,850,-109.15,9,2,0,9002
SACM,5,5,-0.001513889,1986,1987,245,28,29,820,850,-130.8,15,33,0,15033
SACM,4,10,-0.001092477,1986,1987,246,28,29,820,850,-94.39,9,2,0,9002
SACM,8,3,-0.000456829,1986,1987,248,28,29,820,850,-39.47,9,2,0,9002
SACM,3,8,-0.000108912,1986,1987,251,28,29,820,850,-9.41,9,2,0,9002
SACM,7,3,-0.000571875,1986,1987,253,28,29,820,850,-49.41,9,2,0,9002
SACM,8,4,-0.000109144,1986,1987,254,28,29,820,850,-9.43,9,2,0,9002
SACM,3,4,-0.000196875,1986,1987,259,28,29,820,850,-17.01,9,2,0,9002
SACM,7,8,-0.000102199,1986,1987,263,28,29,820,850,-8.83,9,15,0,9015
SACM,7,9,-0.000177315,1986,1987,266,28,29,820,850,-15.32,15,58,0,15058
SACM,9,4,-0.000468519,1986,1987,267,28,29,820,850,-40.48,9,15,0,9015
SACM,8,8,-0.000723495,1986,1987,268,28,29,820,850,-62.51,15,58,0,15058
SACM,8,9,-0.000454167,1986,1987,270,28,29,820,850,-39.24,9,15,0,9015
SACM,3,5,-0.000250231,1986,1987,275,28,29,820,850,-21.62,15,58,0,15058
SACM,8,7,-0.000636458,1986,1987,276,28,29,820,850,-54.99,15,58,0,15058
SACM,4,3,-0.000590509,1986,1987,279,28,29,820,850,-51.02,9,15,0,9015
SACM,4,4,-0.000139352,1986,1987,280,28,29,820,850,-12.04,9,15,0,9015
SACM,4,5,-0.000394329,1986,1987,282,28,29,820,850,-34.07,15,58,0,15058
SACM,5,3,-0.001005671,1986,1987,285,28,29,820,850,-86.89,9,2,0,9002
SACM,5,4,-0.000479977,1986,1987,286,28,29,820,850,-41.47,15,33,0,15033
SACM,5,5,-0.000613773,1986,1987,288,28,29,820,850,-53.03,15,33,0,15033
SACM,4,10,-0.000327199,1986,1987,292,28,29,820,850,-28.27,9,2,0,9002
SACM,8,3,-0.000106944,1986,1987,293,28,29,820,850,-9.24,9,2,0,9002
SACM,3,8,-7.79E-05,1986,1987,295,28,29,820,850,-6.73,9,2,0,9002
SACM,8,3,-0.00030625,1986,1987,296,28,29,820,850,-26.46,9,2,0,9002
SACM,3,8,-0.000613773,1986,1987,298,28,29,820,850,-53.03,9,2,0,9002
SACM,7,3,-0.00075787,1986,1987,300,28,29,820,850,-65.48,9,2,0,9002
SACM,9,3,-0.000261343,1986,1987,224,29,30,850,881,-22.58,9,15,0,9015
SACM,3,10,-0.000562616,1986,1987,229,29,30,850,881,-48.61,15,58,0,15058
SACM,3,9,-0.000620833,1986,1987,230,29,30,850,881,-53.64,9,15,0,9015
SACM,7,4,-0.000344792,1986,1987,231,29,30,850,881,-29.79,15,58,0,15058
SACM,3,3,-7.23E-05,1986,1987,232,29,30,850,881,-6.25,15,58,0,15058
SACM,7,7,-0.000240046,1986,1987,233,29,30,850,881,-20.74,9,2,0,9002
SACM,8,7,-0.000658218,1986,1987,234,29,30,850,881,-56.87,15,33,0,15033
SACM,4,3,-0.000738426,1986,1987,235,29,30,850,881,-63.8,15,33,0,15033
SACM,4,4,-0.00025544,1986,1987,236,29,30,850,881,-22.07,15,58,0,15058
SACM,4,5,-0.000564352,1986,1987,241,29,30,850,881,-48.76,15,33,0,15033
SACM,5,3,-0.000136111,1986,1987,242,29,30,850,881,-11.76,15,33,0,15033
SACM,5,4,-0.001256944,1986,1987,243,29,30,850,881,-108.6,9,2,0,9002
SACM,5,5,-0.001491088,1986,1987,245,29,30,850,881,-128.83,15,33,0,15033
SACM,4,10,-0.000943056,1986,1987,246,29,30,850,881,-81.48,9,2,0,9002
SACM,8,3,-0.000458565,1986,1987,248,29,30,850,881,-39.62,9,2,0,9002
SACM,3,8,-0.000348958,1986,1987,251,29,30,850,881,-30.15,9,2,0,9002
SACM,7,3,-0.000537616,1986,1987,253,29,30,850,881,-46.45,9,2,0,9002
SACM,8,4,-0.000109722,1986,1987,254,29,30,850,881,-9.48,9,2,0,9002
SACM,3,4,-0.000209028,1986,1987,259,29,30,850,881,-18.06,9,2,0,9002
SACM,7,8,-7.89E-05,1986,1987,263,29,30,850,881,-6.82,9,15,0,9015
SACM,7,9,-0.000146181,1986,1987,266,29,30,850,881,-12.63,15,58,0,15058
SACM,9,4,-0.000610648,1986,1987,267,29,30,850,881,-52.76,9,15,0,9015
SACM,8,8,-0.000653588,1986,1987,268,29,30,850,881,-56.47,15,58,0,15058
SACM,8,9,-0.000470602,1986,1987,270,29,30,850,881,-40.66,9,15,0,9015
SACM,3,5,-0.000189815,1986,1987,275,29,30,850,881,-16.4,15,58,0,15058
SACM,8,7,-0.000489583,1986,1987,276,29,30,850,881,-42.3,15,58,0,15058
SACM,4,3,-0.000555671,1986,1987,279,29,30,850,881,-48.01,9,15,0,9015
SACM,4,4,-0.000402431,1986,1987,280,29,30,850,881,-34.77,9,15,0,9015
SACM,4,5,-0.000443634,1986,1987,282,29,30,850,881,-38.33,15,58,0,15058
SACM,5,3,-0.000937037,1986,1987,285,29,30,850,881,-80.96,9,2,0,9002
SACM,5,4,-0.000450463,1986,1987,286,29,30,850,881,-38.92,15,33,0,15033
SACM,5,5,-0.00061875,1986,1987,288,29,30,850,881,-53.46,15,33,0,15033
SACM,4,10,-0.000570023,1986,1987,292,29,30,850,881,-49.25,9,2,0,9002
SACM,8,3,-9.79E-05,1986,1987,293,29,30,850,881,-8.46,9,2,0,9002
SACM,3,8,-7.79E-05,1986,1987,295,29,30,850,881,-6.73,9,2,0,9002
SACM,8,3,-0.000282292,1986,1987,296,29,30,850,881,-24.39,9,2,0,9002
SACM,3,8,-0.000615625,1986,1987,298,29,30,850,881,-53.19,9,2,0,9002
SACM,7,3,-0.000450694,1986,1987,300,29,30,850,881,-38.94,9,2,0,9002
SACM,9,3,-0.000251736,1986,1987,224,30,31,881,911,-21.75,9,15,0,9015
SACM,3,10,-0.000564815,1986,1987,229,30,31,881,911,-48.8,15,58,0,15058
SACM,3,9,-0.000390972,1986,1987,230,30,31,881,911,-33.78,9,15,0,9015
SACM,7,4,-0.000200926,1986,1987,231,30,31,881,911,-17.36,15,58,0,15058
SACM,3,3,-7.28E-05,1986,1987,232,30,31,881,911,-6.29,15,58,0,15058
SACM,7,7,-0.000229745,1986,1987,233,30,31,881,911,-19.85,9,2,0,9002
SACM,8,7,-0.000649769,1986,1987,234,30,31,881,911,-56.14,15,33,0,15033
SACM,4,3,-0.000767245,1986,1987,235,30,31,881,911,-66.29,15,33,0,15033
SACM,4,4,-0.000163426,1986,1987,236,30,31,881,911,-14.12,15,58,0,15058
SACM,4,5,-0.000475,1986,1987,241,30,31,881,911,-41.04,15,33,0,15033
SACM,5,3,-0.00011169,1986,1987,242,30,31,881,911,-9.65,15,33,0,15033
SACM,5,4,-0.001232639,1986,1987,243,30,31,881,911,-106.5,9,2,0,9002
SACM,5,5,-0.001453125,1986,1987,245,30,31,881,911,-125.55,15,33,0,15033
SACM,4,10,-0.000229977,1986,1987,246,30,31,881,911,-19.87,9,2,0,9002
SACM,8,3,-0.000415856,1986,1987,248,30,31,881,911,-35.93,9,2,0,9002
SACM,3,8,-0.000366667,1986,1987,251,30,31,881,911,-31.68,9,2,0,9002
SACM,7,3,-0.000571875,1986,1987,253,30,31,881,911,-49.41,9,2,0,9002
SACM,8,4,-0.000107639,1986,1987,254,30,31,881,911,-9.3,9,2,0,9002
SACM,3,4,-0.000261343,1986,1987,259,30,31,881,911,-22.58,9,2,0,9002
SACM,7,8,-0.000118403,1986,1987,263,30,31,881,911,-10.23,9,15,0,9015
SACM,7,9,-0.000127199,1986,1987,266,30,31,881,911,-10.99,15,58,0,15058
SACM,9,4,-0.000466898,1986,1987,267,30,31,881,911,-40.34,9,15,0,9015
SACM,8,8,-0.000753125,1986,1987,268,30,31,881,911,-65.07,15,58,0,15058
SACM,8,9,-0.000443287,1986,1987,270,30,31,881,911,-38.3,9,15,0,9015
SACM,3,5,-0.000232523,1986,1987,275,30,31,881,911,-20.09,15,58,0,15058
SACM,8,7,-0.000397454,1986,1987,276,30,31,881,911,-34.34,15,58,0,15058
SACM,4,3,-0.000536227,1986,1987,279,30,31,881,911,-46.33,9,15,0,9015
SACM,4,4,-0.000439931,1986,1987,280,30,31,881,911,-38.01,9,15,0,9015
SACM,4,5,-0.00038206,1986,1987,282,30,31,881,911,-33.01,15,58,0,15058
SACM,5,3,-0.001040046,1986,1987,285,30,31,881,911,-89.86,9,2,0,9002
SACM,5,4,-0.000307176,1986,1987,286,30,31,881,911,-26.54,15,33,0,15033
SACM,5,5,-0.000591435,1986,1987,288,30,31,881,911,-51.1,15,33,0,15033
SACM,4,10,-0.000556944,1986,1987,292,30,31,881,911,-48.12,9,2,0,9002
SACM,8,3,-0.00033206,1986,1987,293,30,31,881,911,-28.69,9,2,0,9002
SACM,3,8,-5.47E-05,1986,1987,295,30,31,881,911,-4.73,9,2,0,9002
SACM,8,3,-0.000333218,1986,1987,296,30,31,881,911,-28.79,9,2,0,9002
SACM,3,8,-0.000557986,1986,1987,298,30,31,881,911,-48.21,9,2,0,9002
SACM,7,3,-0.000611574,1986,1987,300,30,31,881,911,-52.84,9,2,0,9002
SACM,9,3,-0.000146528,1986,1987,224,31,32,911,942,-12.66,9,15,0,9015
SACM,3,10,-0.000647454,1986,1987,229,31,32,911,942,-55.94,15,58,0,15058
SACM,3,9,-0.000606366,1986,1987,230,31,32,911,942,-52.39,9,15,0,9015
SACM,7,4,-0.000431481,1986,1987,231,31,32,911,942,-37.28,15,58,0,15058
SACM,3,3,-0.000090625,1986,1987,232,31,32,911,942,-7.83,15,58,0,15058
SACM,7,7,-0.000610417,1986,1987,233,31,32,911,942,-52.74,9,2,0,9002
SACM,8,7,-0.001028704,1986,1987,234,31,32,911,942,-88.88,15,33,0,15033
SACM,4,3,-0.000756019,1986,1987,235,31,32,911,942,-65.32,15,33,0,15033
SACM,4,4,-0.000197454,1986,1987,236,31,32,911,942,-17.06,15,58,0,15058
SACM,4,5,-0.00055463,1986,1987,241,31,32,911,942,-47.92,15,33,0,15033
SACM,5,3,-0.000110648,1986,1987,242,31,32,911,942,-9.56,15,33,0,15033
SACM,5,4,-0.001214699,1986,1987,243,31,32,911,942,-104.95,9,2,0,9002
SACM,5,5,-0.001436343,1986,1987,245,31,32,911,942,-124.1,15,33,0,15033
SACM,4,10,-0.000629282,1986,1987,246,31,32,911,942,-54.37,9,2,0,9002
SACM,8,3,-0.000330093,1986,1987,248,31,32,911,942,-28.52,9,2,0,9002
SACM,3,8,-0.000369676,1986,1987,251,31,32,911,942,-31.94,9,2,0,9002
SACM,7,3,-0.000441898,1986,1987,253,31,32,911,942,-38.18,9,2,0,9002
SACM,8,4,-0.000109028,1986,1987,254,31,32,911,942,-9.42,9,2,0,9002
SACM,3,4,-0.000219329,1986,1987,259,31,32,911,942,-18.95,9,2,0,9002
SACM,7,8,-4.90E-05,1986,1987,263,31,32,911,942,-4.23,9,15,0,9015
SACM,7,9,-0.000102546,1986,1987,266,31,32,911,942,-8.86,15,58,0,15058
SACM,9,4,-0.000530324,1986,1987,267,31,32,911,942,-45.82,9,15,0,9015
SACM,8,8,-0.000369444,1986,1987,268,31,32,911,942,-31.92,15,58,0,15058
SACM,8,9,-0.000381829,1986,1987,270,31,32,911,942,-32.99,9,15,0,9015
SACM,3,5,-0.000282755,1986,1987,275,31,32,911,942,-24.43,15,58,0,15058
SACM,8,7,-0.000487963,1986,1987,276,31,32,911,942,-42.16,15,58,0,15058
SACM,4,3,-0.000525231,1986,1987,279,31,32,911,942,-45.38,9,15,0,9015
SACM,4,4,-0.000507176,1986,1987,280,31,32,911,942,-43.82,9,15,0,9015
SACM,4,5,-0.000389583,1986,1987,282,31,32,911,942,-33.66,15,58,0,15058
SACM,5,3,-0.000925579,1986,1987,285,31,32,911,942,-79.97,9,2,0,9002
SACM,5,4,-0.000268519,1986,1987,286,31,32,911,942,-23.2,15,33,0,15033
SACM,5,5,-0.000593981,1986,1987,288,31,32,911,942,-51.32,15,33,0,15033
SACM,4,10,-0.000559144,1986,1987,292,31,32,911,942,-48.31,9,2,0,9002
SACM,8,3,-0.00029375,1986,1987,293,31,32,911,942,-25.38,9,2,0,9002
SACM,3,8,-7.92E-05,1986,1987,295,31,32,911,942,-6.84,9,2,0,9002
SACM,8,3,-0.000384606,1986,1987,296,31,32,911,942,-33.23,9,2,0,9002
SACM,3,8,-0.000619329,1986,1987,298,31,32,911,942,-53.51,9,2,0,9002
SACM,7,3,-0.000359722,1986,1987,300,31,32,911,942,-31.08,9,2,0,9002
SACM,9,3,-6.91E-05,1986,1987,224,32,33,942,973,-5.97,9,15,0,9015
SACM,3,10,-0.000591551,1986,1987,229,32,33,942,973,-51.11,15,58,0,15058
SACM,3,9,-0.000565509,1986,1987,230,32,33,942,973,-48.86,9,15,0,9015
SACM,7,4,-0.00047037,1986,1987,231,32,33,942,973,-40.64,15,58,0,15058
SACM,3,3,-8.85E-05,1986,1987,232,32,33,942,973,-7.65,15,58,0,15058
SACM,7,7,-0.000603472,1986,1987,233,32,33,942,973,-52.14,9,2,0,9002
SACM,8,7,-0.001053704,1986,1987,234,32,33,942,973,-91.04,15,33,0,15033
SACM,4,3,-0.000731944,1986,1987,235,32,33,942,973,-63.24,15,33,0,15033
SACM,4,4,-0.000175579,1986,1987,236,32,33,942,973,-15.17,15,58,0,15058
SACM,4,5,-0.000509259,1986,1987,241,32,33,942,973,-44,15,33,0,15033
SACM,5,3,-0.000122106,1986,1987,242,32,33,942,973,-10.55,15,33,0,15033
SACM,5,4,-0.001163542,1986,1987,243,32,33,942,973,-100.53,9,2,0,9002
SACM,5,5,-0.001390856,1986,1987,245,32,33,942,973,-120.17,15,33,0,15033
SACM,4,10,-0.000527778,1986,1987,246,32,33,942,973,-45.6,9,2,0,9002
SACM,8,3,-0.000333333,1986,1987,248,32,33,942,973,-28.8,9,2,0,9002
SACM,3,8,-0.000368519,1986,1987,251,32,33,942,973,-31.84,9,2,0,9002
SACM,7,3,-0.00056169,1986,1987,253,32,33,942,973,-48.53,9,2,0,9002
SACM,8,4,-0.000109722,1986,1987,254,32,33,942,973,-9.48,9,2,0,9002
SACM,3,4,-0.000199306,1986,1987,259,32,33,942,973,-17.22,9,2,0,9002
SACM,7,8,-9.92E-05,1986,1987,263,32,33,942,973,-8.57,9,15,0,9015
SACM,7,9,-0.000126273,1986,1987,266,32,33,942,973,-10.91,15,58,0,15058
SACM,9,4,-0.000509028,1986,1987,267,32,33,942,973,-43.98,9,15,0,9015
SACM,8,8,-2.66E-05,1986,1987,268,32,33,942,973,-2.3,15,58,0,15058
SACM,8,9,-0.000396991,1986,1987,270,32,33,942,973,-34.3,9,15,0,9015
SACM,3,5,-0.000237847,1986,1987,275,32,33,942,973,-20.55,15,58,0,15058
SACM,8,7,-0.000468056,1986,1987,276,32,33,942,973,-40.44,15,58,0,15058
SACM,4,3,-0.000524653,1986,1987,279,32,33,942,973,-45.33,9,15,0,9015
SACM,4,4,-0.000497685,1986,1987,280,32,33,942,973,-43,9,15,0,9015
SACM,4,5,-0.000354861,1986,1987,282,32,33,942,973,-30.66,15,58,0,15058
SACM,5,3,-0.000881944,1986,1987,285,32,33,942,973,-76.2,9,2,0,9002
SACM,5,4,-0.000392014,1986,1987,286,32,33,942,973,-33.87,15,33,0,15033
SACM,5,5,-0.000591435,1986,1987,288,32,33,942,973,-51.1,15,33,0,15033
SACM,4,10,-0.000530093,1986,1987,292,32,33,942,973,-45.8,9,2,0,9002
SACM,8,3,-0.000179977,1986,1987,293,32,33,942,973,-15.55,9,2,0,9002
SACM,3,8,-8.08E-05,1986,1987,295,32,33,942,973,-6.98,9,2,0,9002
SACM,8,3,-0.000351157,1986,1987,296,32,33,942,973,-30.34,9,2,0,9002
SACM,3,8,-0.000541898,1986,1987,298,32,33,942,973,-46.82,9,2,0,9002
SACM,7,3,-0.000802546,1986,1987,300,32,33,942,973,-69.34,9,2,0,9002
SACM,9,3,-0.000206366,1986,1987,224,33,34,973,1003,-17.83,9,15,0,9015
SACM,3,10,-0.000636343,1986,1987,229,33,34,973,1003,-54.98,15,58,0,15058
SACM,3,9,-0.000584606,1986,1987,230,33,34,973,1003,-50.51,9,15,0,9015
SACM,7,4,-0.000470833,1986,1987,231,33,34,973,1003,-40.68,15,58,0,15058
SACM,3,3,-8.04E-05,1986,1987,232,33,34,973,1003,-6.95,15,58,0,15058
SACM,7,7,-0.00068669,1986,1987,233,33,34,973,1003,-59.33,9,2,0,9002
SACM,8,7,-0.001059954,1986,1987,234,33,34,973,1003,-91.58,15,33,0,15033
SACM,4,3,-0.000766435,1986,1987,235,33,34,973,1003,-66.22,15,33,0,15033
SACM,4,4,-0.000195833,1986,1987,236,33,34,973,1003,-16.92,15,58,0,15058
SACM,4,5,-0.000557407,1986,1987,241,33,34,973,1003,-48.16,15,33,0,15033
SACM,5,3,-0.000133796,1986,1987,242,33,34,973,1003,-11.56,15,33,0,15033
SACM,5,4,-0.001239005,1986,1987,243,33,34,973,1003,-107.05,9,2,0,9002
SACM,5,5,-0.00148044,1986,1987,245,33,34,973,1003,-127.91,15,33,0,15033
SACM,4,10,-0.000582176,1986,1987,246,33,34,973,1003,-50.3,9,2,0,9002
SACM,8,3,-0.000327546,1986,1987,248,33,34,973,1003,-28.3,9,2,0,9002
SACM,3,8,-0.000132986,1986,1987,251,33,34,973,1003,-11.49,9,2,0,9002
SACM,7,3,-0.000588194,1986,1987,253,33,34,973,1003,-50.82,9,2,0,9002
SACM,8,4,-0.000109375,1986,1987,254,33,34,973,1003,-9.45,9,2,0,9002
SACM,3,4,-0.000209838,1986,1987,259,33,34,973,1003,-18.13,9,2,0,9002
SACM,7,8,-0.00011794,1986,1987,263,33,34,973,1003,-10.19,9,15,0,9015
SACM,7,9,-0.000151968,1986,1987,266,33,34,973,1003,-13.13,15,58,0,15058
SACM,9,4,-0.000282523,1986,1987,267,33,34,973,1003,-24.41,9,15,0,9015
SACM,8,8,-0.000373495,1986,1987,268,33,34,973,1003,-32.27,15,58,0,15058
SACM,8,9,-0.000387269,1986,1987,270,33,34,973,1003,-33.46,9,15,0,9015
SACM,3,5,-0.000208333,1986,1987,275,33,34,973,1003,-18,15,58,0,15058
SACM,8,7,-0.000361574,1986,1987,276,33,34,973,1003,-31.24,15,58,0,15058
SACM,4,3,-0.000507639,1986,1987,279,33,34,973,1003,-43.86,9,15,0,9015
SACM,4,4,-0.000524653,1986,1987,280,33,34,973,1003,-45.33,9,15,0,9015
SACM,4,5,-0.000439468,1986,1987,282,33,34,973,1003,-37.97,15,58,0,15058
SACM,5,3,-0.000993171,1986,1987,285,33,34,973,1003,-85.81,9,2,0,9002
SACM,5,4,-0.000418981,1986,1987,286,33,34,973,1003,-36.2,15,33,0,15033
SACM,5,5,-0.000436458,1986,1987,288,33,34,973,1003,-37.71,15,33,0,15033
SACM,4,10,-0.000568866,1986,1987,292,33,34,973,1003,-49.15,9,2,0,9002
SACM,8,3,-0.000179861,1986,1987,293,33,34,973,1003,-15.54,9,2,0,9002
SACM,3,8,-5.98E-05,1986,1987,295,33,34,973,1003,-5.17,9,2,0,9002
SACM,8,3,-0.000329977,1986,1987,296,33,34,973,1003,-28.51,9,2,0,9002
SACM,3,8,-0.000591435,1986,1987,298,33,34,973,1003,-51.1,9,2,0,9002
SACM,7,3,-0.000864005,1986,1987,300,33,34,973,1003,-74.65,9,2,0,9002
SACM,9,3,-0.000212384,1986,1987,224,34,35,1003,1034,-18.35,9,15,0,9015
SACM,3,10,-0.000568171,1986,1987,229,34,35,1003,1034,-49.09,15,58,0,15058
SACM,3,9,-0.000571296,1986,1987,230,34,35,1003,1034,-49.36,9,15,0,9015
SACM,7,4,-0.000473727,1986,1987,231,34,35,1003,1034,-40.93,15,58,0,15058
SACM,3,3,-7.75E-05,1986,1987,232,34,35,1003,1034,-6.7,15,58,0,15058
SACM,7,7,-0.000712963,1986,1987,233,34,35,1003,1034,-61.6,9,2,0,9002
SACM,8,7,-0.000580556,1986,1987,234,34,35,1003,1034,-50.16,15,33,0,15033
SACM,4,3,-0.000733565,1986,1987,235,34,35,1003,1034,-63.38,15,33,0,15033
SACM,4,4,-0.000208565,1986,1987,236,34,35,1003,1034,-18.02,15,58,0,15058
SACM,4,5,-0.000546412,1986,1987,241,34,35,1003,1034,-47.21,15,33,0,15033
SACM,5,3,-0.000138657,1986,1987,242,34,35,1003,1034,-11.98,15,33,0,15033
SACM,5,4,-0.001276157,1986,1987,243,34,35,1003,1034,-110.26,9,2,0,9002
SACM,5,5,-0.001504745,1986,1987,245,34,35,1003,1034,-130.01,15,33,0,15033
SACM,4,10,-0.000601505,1986,1987,246,34,35,1003,1034,-51.97,9,2,0,9002
SACM,8,3,-0.000364931,1986,1987,248,34,35,1003,1034,-31.53,9,2,0,9002
SACM,3,8,-0.000139583,1986,1987,251,34,35,1003,1034,-12.06,9,2,0,9002
SACM,7,3,-0.000588194,1986,1987,253,34,35,1003,1034,-50.82,9,2,0,9002
SACM,8,4,-0.000109722,1986,1987,254,34,35,1003,1034,-9.48,9,2,0,9002
SACM,3,4,-0.00021713,1986,1987,259,34,35,1003,1034,-18.76,9,2,0,9002
SACM,7,8,-6.03E-05,1986,1987,263,34,35,1003,1034,-5.21,9,15,0,9015
SACM,7,9,-0.000399537,1986,1987,266,34,35,1003,1034,-34.52,15,58,0,15058
SACM,9,4,-0.000402778,1986,1987,267,34,35,1003,1034,-34.8,9,15,0,9015
SACM,8,8,-0.000361458,1986,1987,268,34,35,1003,1034,-31.23,15,58,0,15058
SACM,8,9,-0.000373611,1986,1987,270,34,35,1003,1034,-32.28,9,15,0,9015
SACM,3,5,-0.000246759,1986,1987,275,34,35,1003,1034,-21.32,15,58,0,15058
SACM,8,7,-0.000493519,1986,1987,276,34,35,1003,1034,-42.64,15,58,0,15058
SACM,4,3,-0.000507639,1986,1987,279,34,35,1003,1034,-43.86,9,15,0,9015
SACM,4,4,-0.000493981,1986,1987,280,34,35,1003,1034,-42.68,9,15,0,9015
SACM,4,5,-0.000784722,1986,1987,282,34,35,1003,1034,-67.8,15,58,0,15058
SACM,5,3,-0.000473032,1986,1987,285,34,35,1003,1034,-40.87,9,2,0,9002
SACM,5,4,-0.000285764,1986,1987,286,34,35,1003,1034,-24.69,15,33,0,15033
SACM,5,5,-0.000330093,1986,1987,288,34,35,1003,1034,-28.52,15,33,0,15033
SACM,4,10,-0.00015787,1986,1987,292,34,35,1003,1034,-13.64,9,2,0,9002
SACM,8,3,-0.000179861,1986,1987,293,34,35,1003,1034,-15.54,9,2,0,9002
SACM,3,8,-6.11E-05,1986,1987,295,34,35,1003,1034,-5.28,9,2,0,9002
SACM,8,3,-0.000334028,1986,1987,296,34,35,1003,1034,-28.86,9,2,0,9002
SACM,3,8,-0.000597106,1986,1987,298,34,35,1003,1034,-51.59,9,2,0,9002
SACM,7,3,-0.000892824,1986,1987,300,34,35,1003,1034,-77.14,9,2,0,9002
SACM,9,3,-0.000203472,1986,1987,224,35,36,1034,1064,-17.58,9,15,0,9015
SACM,3,10,-0.000558102,1986,1987,229,35,36,1034,1064,-48.22,15,58,0,15058
SACM,3,9,-0.000575926,1986,1987,230,35,36,1034,1064,-49.76,9,15,0,9015
SACM,7,4,-0.000410764,1986,1987,231,35,36,1034,1064,-35.49,15,58,0,15058
SACM,3,3,-8.78E-05,1986,1987,232,35,36,1034,1064,-7.59,15,58,0,15058
SACM,7,7,-0.000734606,1986,1987,233,35,36,1034,1064,-63.47,9,2,0,9002
SACM,8,7,-0.000718403,1986,1987,234,35,36,1034,1064,-62.07,15,33,0,15033
SACM,4,3,-0.000707176,1986,1987,235,35,36,1034,1064,-61.1,15,33,0,15033
SACM,4,4,-0.000207523,1986,1987,236,35,36,1034,1064,-17.93,15,58,0,15058
SACM,4,5,-0.000568403,1986,1987,241,35,36,1034,1064,-49.11,15,33,0,15033
SACM,5,3,-0.000233796,1986,1987,242,35,36,1034,1064,-20.2,15,33,0,15033
SACM,5,4,-0.001203704,1986,1987,243,35,36,1034,1064,-104,9,2,0,9002
SACM,5,5,-0.001435185,1986,1987,245,35,36,1034,1064,-124,15,33,0,15033
SACM,4,10,-0.000643056,1986,1987,246,35,36,1034,1064,-55.56,9,2,0,9002
SACM,8,3,-0.000354514,1986,1987,248,35,36,1034,1064,-30.63,9,2,0,9002
SACM,3,8,-0.000139468,1986,1987,251,35,36,1034,1064,-12.05,9,2,0,9002
SACM,7,3,-0.000497917,1986,1987,253,35,36,1034,1064,-43.02,9,2,0,9002
SACM,8,4,-0.000198843,1986,1987,254,35,36,1034,1064,-17.18,9,2,0,9002
SACM,3,4,-0.000214005,1986,1987,259,35,36,1034,1064,-18.49,9,2,0,9002
SACM,7,8,-2.00E-05,1986,1987,263,35,36,1034,1064,-1.73,9,15,0,9015
SACM,7,9,-0.000162384,1986,1987,266,35,36,1034,1064,-14.03,15,58,0,15058
SACM,9,4,-0.000405556,1986,1987,267,35,36,1034,1064,-35.04,9,15,0,9015
SACM,8,8,-0.000371528,1986,1987,268,35,36,1034,1064,-32.1,15,58,0,15058
SACM,8,9,-0.000200347,1986,1987,270,35,36,1034,1064,-17.31,9,15,0,9015
SACM,3,5,-0.000330556,1986,1987,275,35,36,1034,1064,-28.56,15,58,0,15058
SACM,8,7,-0.000481134,1986,1987,276,35,36,1034,1064,-41.57,15,58,0,15058
SACM,4,3,-0.000541782,1986,1987,279,35,36,1034,1064,-46.81,9,15,0,9015
SACM,4,4,-0.00048287,1986,1987,280,35,36,1034,1064,-41.72,9,15,0,9015
SACM,4,5,-0.000263194,1986,1987,282,35,36,1034,1064,-22.74,15,58,0,15058
SACM,5,3,-0.000842361,1986,1987,285,35,36,1034,1064,-72.78,9,2,0,9002
SACM,5,4,-0.000392014,1986,1987,286,35,36,1034,1064,-33.87,15,33,0,15033
SACM,5,5,-0.000445949,1986,1987,288,35,36,1034,1064,-38.53,15,33,0,15033
SACM,4,10,-0.000429167,1986,1987,292,35,36,1034,1064,-37.08,9,2,0,9002
SACM,8,3,-0.000279398,1986,1987,293,35,36,1034,1064,-24.14,9,2,0,9002
SACM,3,8,-0.000195023,1986,1987,295,35,36,1034,1064,-16.85,9,2,0,9002
SACM,8,3,-0.00032963,1986,1987,296,35,36,1034,1064,-28.48,9,2,0,9002
SACM,3,8,-0.000528588,1986,1987,298,35,36,1034,1064,-45.67,9,2,0,9002
SACM,7,3,-0.000925347,1986,1987,300,35,36,1034,1064,-79.95,9,2,0,9002
SACM,9,3,-0.000225694,1986,1987,224,36,37,1064,1095,-19.5,9,15,0,9015
SACM,3,10,-0.000493287,1986,1987,229,36,37,1064,1095,-42.62,15,58,0,15058
SACM,3,9,-0.00018206,1986,1987,230,36,37,1064,1095,-15.73,9,15,0,9015
SACM,7,4,-0.000196412,1986,1987,231,36,37,1064,1095,-16.97,15,58,0,15058
SACM,3,3,-0.000368056,1986,1987,232,36,37,1064,1095,-31.8,15,58,0,15058
SACM,7,7,-0.000458102,1986,1987,233,36,37,1064,1095,-39.58,9,2,0,9002
SACM,8,7,-0.000264583,1986,1987,234,36,37,1064,1095,-22.86,15,33,0,15033
SACM,4,3,-0.000212731,1986,1987,235,36,37,1064,1095,-18.38,15,33,0,15033
SACM,4,4,-0.000604745,1986,1987,236,36,37,1064,1095,-52.25,15,58,0,15058
SACM,4,5,-0.000697685,1986,1987,241,36,37,1064,1095,-60.28,15,33,0,15033
SACM,5,3,-0.000580093,1986,1987,242,36,37,1064,1095,-50.12,15,33,0,15033
SACM,5,4,-0.000245139,1986,1987,243,36,37,1064,1095,-21.18,9,2,0,9002
SACM,5,5,-0.000318634,1986,1987,245,36,37,1064,1095,-27.53,15,33,0,15033
SACM,4,10,-0.000236921,1986,1987,246,36,37,1064,1095,-20.47,9,2,0,9002
SACM,8,3,-0.000148495,1986,1987,248,36,37,1064,1095,-12.83,9,2,0,9002
SACM,3,8,-8.66E-05,1986,1987,251,36,37,1064,1095,-7.48,9,2,0,9002
SACM,7,3,-0.000204167,1986,1987,253,36,37,1064,1095,-17.64,9,2,0,9002
SACM,8,4,-0.000110648,1986,1987,254,36,37,1064,1095,-9.56,9,2,0,9002
SACM,3,4,-0.000572454,1986,1987,259,36,37,1064,1095,-49.46,9,2,0,9002
SACM,7,8,-0.000219792,1986,1987,263,36,37,1064,1095,-18.99,9,15,0,9015
SACM,7,9,-0.00100463,1986,1987,266,36,37,1064,1095,-86.8,15,58,0,15058
SACM,9,4,-0.000388542,1986,1987,267,36,37,1064,1095,-33.57,9,15,0,9015
SACM,8,8,-0.000642824,1986,1987,268,36,37,1064,1095,-55.54,15,58,0,15058
SACM,8,9,-0.000635648,1986,1987,270,36,37,1064,1095,-54.92,9,15,0,9015
SACM,3,5,-0.000237847,1986,1987,275,36,37,1064,1095,-20.55,15,58,0,15058
SACM,8,7,-0.000734722,1986,1987,276,36,37,1064,1095,-63.48,9,2,0,9002
SACM,4,3,-0.000404167,1986,1987,279,36,37,1064,1095,-34.92,9,2,0,9002
SACM,4,4,-0.000376157,1986,1987,280,36,37,1064,1095,-32.5,9,2,0,9002
SACM,4,5,-0.000350694,1986,1987,282,36,37,1064,1095,-30.3,9,2,0,9002
SACM,5,3,-0.000689005,1986,1987,285,36,37,1064,1095,-59.53,9,2,0,9002
SACM,5,4,-0.00041794,1986,1987,286,36,37,1064,1095,-36.11,9,2,0,9002
SACM,5,5,-0.000174074,1986,1987,288,36,37,1064,1095,-15.04,9,2,0,9002
SACM,4,10,-0.000440278,1986,1987,292,36,37,1064,1095,-38.04,9,2,0,9002
SACM,8,3,-0.000308218,1986,1987,293,36,37,1064,1095,-26.63,9,2,0,9002
SACM,3,8,-0.000924421,1986,1987,295,36,37,1064,1095,-79.87,9,2,0,9002
SACM,8,3,-0.000297801,1986,1987,296,36,37,1064,1095,-25.73,9,2,0,9002
SACM,3,8,-0.000731944,1986,1987,298,36,37,1064,1095,-63.24,9,2,0,9002
SACM,7,3,-0.000372454,1986,1987,300,36,37,1064,1095,-32.18,9,2,0,9002
