DATASET,X,Y,FLOW_M3-S,START_YR,END_YR,ID,S_PER,E_PER,S_DAY,E_DAY,Flow_m3,CVE_ENT,CVE_MUN,NOM_MUN,CODE
SACM,478498,2156819,1,1984,1985,81,-1,0,0,31,-3638,9,2,Azcapotzalco,9002
SACM,478008,2153563,1,1984,1985,13,-1,0,0,31,-3019,9,2,Azcapotzalco,9002
SACM,482692,2154553,1,1984,1985,44,-1,0,0,31,-2365,9,2,Azcapotzalco,9002
SACM,479219,2153704,1,1984,1985,93,-1,0,0,31,-1049,9,2,Azcapotzalco,9002
SACM,480744,2154714,1,1984,1985,91,-1,0,0,31,-5148,9,2,Azcapotzalco,9002
SACM,480901,2152320,1,1984,1985,120,-1,0,0,31,-2548,9,2,Azcapotzalco,9002
SACM,482973,2152823,1,1984,1985,135,-1,0,0,31,-5878,9,2,Azcapotzalco,9002
SACM,480463,2157220,1,1984,1985,136,-1,0,0,31,-2414,15,104,Tlalnepantla de Baz,15104
SACM,482157,2152446,1,1984,1985,173,-1,0,0,31,-3302,9,2,Azcapotzalco,9002
SACM,480945,2151587,1,1984,1985,196,-1,0,0,31,-3736,9,16,Miguel Hidalgo,9016
SACM,482650,2152058,1,1984,1985,248,-1,0,0,31,-3674,9,2,Azcapotzalco,9002
SACM,481957,2152026,1,1984,1985,250,-1,0,0,31,-5395,9,2,Azcapotzalco,9002
SACM,482283,2154851,1,1984,1985,263,-1,0,0,31,-973,9,2,Azcapotzalco,9002
SACM,482304,2153389,1,1984,1985,265,-1,0,0,31,-1630,9,2,Azcapotzalco,9002
SACM,479198,2154207,1,1984,1985,313,-1,0,0,31,-2250,9,2,Azcapotzalco,9002
SACM,478144,2155925,1,1984,1985,321,-1,0,0,31,-3148,9,2,Azcapotzalco,9002
SACM,483605,2152928,1,1984,1985,323,-1,0,0,31,-3779,9,2,Azcapotzalco,9002
SACM,478144,2155181,1,1984,1985,324,-1,0,0,31,-4515,9,2,Azcapotzalco,9002
SACM,478895,2155313,1,1984,1985,322,-1,0,0,31,-6559,9,2,Azcapotzalco,9002
SACM,471527,2154972,1,1984,1985,438,-1,0,0,31,-2268,15,57,Naucalpan de Ju?írez,15057
SACM,478946,2154626,1,1984,1985,388,-1,0,0,31,-1726,9,2,Azcapotzalco,9002
SACM,479995,2155926,1,1984,1985,415,-1,0,0,31,-1392,9,2,Azcapotzalco,9002
SACM,478781,2155913,1,1984,1985,416,-1,0,0,31,-2969,9,2,Azcapotzalco,9002
SACM,478540,2153210,1,1984,1985,417,-1,0,0,31,-4567,9,2,Azcapotzalco,9002
SACM,478126,2154207,1,1984,1985,421,-1,0,0,31,-1795,9,2,Azcapotzalco,9002
SACM,477447,2154531,1,1984,1985,422,-1,0,0,31,-2455,9,2,Azcapotzalco,9002
SACM,484108,2153620,1,1984,1985,503,-1,0,0,31,-4013,9,2,Azcapotzalco,9002
SACM,479576,2155276,1,1984,1985,566,-1,0,0,31,-1173,9,2,Azcapotzalco,9002
SACM,484606,2150489,1,1984,1985,2,-1,0,0,31,-259,9,15,Cuauht??moc,9015
SACM,487773,2146810,1,1984,1985,3,-1,0,0,31,-1812,9,17,Venustiano Carranza,9017
SACM,481862,2140960,1,1984,1985,4,-1,0,0,31,-1476,9,14,Benito Ju?írez,9014
SACM,483445,2136071,1,1984,1985,14,-1,0,0,31,-2151,9,3,Coyoac?ín,9003
SACM,483553,2150442,1,1984,1985,15,-1,0,0,31,-1888,9,15,Cuauht??moc,9015
SACM,480571,2145040,1,1984,1985,16,-1,0,0,31,-3021,9,16,Miguel Hidalgo,9016
SACM,485190,2144841,1,1984,1985,17,-1,0,0,31,-2848,9,14,Benito Ju?írez,9014
SACM,485124,2145120,1,1984,1985,18,-1,0,0,31,-3927,9,14,Benito Ju?írez,9014
SACM,485377,2141715,1,1984,1985,19,-1,0,0,31,-2039,9,14,Benito Ju?írez,9014
SACM,485104,2145574,1,1984,1985,21,-1,0,0,31,-617,9,15,Cuauht??moc,9015
SACM,479176,2139108,1,1984,1985,22,-1,0,0,31,-1376,9,10,?ülvaro Obreg??n,9010
SACM,483287,2146238,1,1984,1985,36,-1,0,0,31,-2718,9,15,Cuauht??moc,9015
SACM,480917,2139244,1,1984,1985,38,-1,0,0,31,-2313,9,3,Coyoac?ín,9003
SACM,480411,2143138,1,1984,1985,39,-1,0,0,31,-3349,9,14,Benito Ju?írez,9014
SACM,481716,2140255,1,1984,1985,80,-1,0,0,31,-1737,9,10,?ülvaro Obreg??n,9010
SACM,488461,2146452,1,1984,1985,82,-1,0,0,31,-1543,9,17,Venustiano Carranza,9017
SACM,489467,2146172,1,1984,1985,83,-1,0,0,31,-1333,9,17,Venustiano Carranza,9017
SACM,480957,2145692,1,1984,1985,87,-1,0,0,31,-1632,9,16,Miguel Hidalgo,9016
SACM,483850,2140451,1,1984,1985,92,-1,0,0,31,-807,9,14,Benito Ju?írez,9014
SACM,478852,2148058,1,1984,1985,94,-1,0,0,31,-2718,9,16,Miguel Hidalgo,9016
SACM,480065,2145785,1,1984,1985,98,-1,0,0,31,-1551,9,16,Miguel Hidalgo,9016
SACM,478706,2148642,1,1984,1985,104,-1,0,0,31,-4466,9,16,Miguel Hidalgo,9016
SACM,485226,2139758,1,1984,1985,129,-1,0,0,31,-6206,9,3,Coyoac?ín,9003
SACM,483260,2139989,1,1984,1985,127,-1,0,0,31,-2894,9,3,Coyoac?ín,9003
SACM,480690,2137954,1,1984,1985,128,-1,0,0,31,-831,9,3,Coyoac?ín,9003
SACM,487986,2144947,1,1984,1985,130,-1,0,0,31,-2067,9,6,Iztacalco,9006
SACM,480327,2148642,1,1984,1985,113,-1,0,0,31,-3613,9,16,Miguel Hidalgo,9016
SACM,484551,2144735,1,1984,1985,139,-1,0,0,31,-3023,9,14,Benito Ju?írez,9014
SACM,485761,2140779,1,1984,1985,158,-1,0,0,31,-3096,9,7,Iztapalapa,9007
SACM,479959,2146530,1,1984,1985,174,-1,0,0,31,-1435,9,16,Miguel Hidalgo,9016
SACM,480757,2138752,1,1984,1985,175,-1,0,0,31,-2584,9,3,Coyoac?ín,9003
SACM,478175,2149700,1,1984,1985,177,-1,0,0,31,-948,9,16,Miguel Hidalgo,9016
SACM,487547,2143777,1,1984,1985,183,-1,0,0,31,-4078,9,6,Iztacalco,9006
SACM,479963,2138791,1,1984,1985,193,-1,0,0,31,-3172,9,10,?ülvaro Obreg??n,9010
SACM,479233,2137630,1,1984,1985,198,-1,0,0,31,-2567,9,10,?ülvaro Obreg??n,9010
SACM,479590,2136089,1,1984,1985,199,-1,0,0,31,-2167,9,3,Coyoac?ín,9003
SACM,477965,2135930,1,1984,1985,200,-1,0,0,31,-1496,9,10,?ülvaro Obreg??n,9010
SACM,476896,2135388,1,1984,1985,201,-1,0,0,31,-4480,9,12,Tlalpan,9012
SACM,477155,2135188,1,1984,1985,203,-1,0,0,31,-1535,9,10,?ülvaro Obreg??n,9010
SACM,481303,2145227,1,1984,1985,194,-1,0,0,31,-4263,9,16,Miguel Hidalgo,9016
SACM,480823,2144109,1,1984,1985,195,-1,0,0,31,-2762,9,14,Benito Ju?írez,9014
SACM,480797,2141915,1,1984,1985,204,-1,0,0,31,-4024,9,14,Benito Ju?írez,9014
SACM,483898,2137741,1,1984,1985,205,-1,0,0,31,-2444,9,3,Coyoac?ín,9003
SACM,483034,2142593,1,1984,1985,206,-1,0,0,31,-2190,9,14,Benito Ju?írez,9014
SACM,478689,2150496,1,1984,1985,210,-1,0,0,31,-4754,9,16,Miguel Hidalgo,9016
SACM,483778,2138641,1,1984,1985,215,-1,0,0,31,-4455,9,3,Coyoac?ín,9003
SACM,481481,2149520,1,1984,1985,217,-1,0,0,31,-3549,9,16,Miguel Hidalgo,9016
SACM,480760,2150404,1,1984,1985,218,-1,0,0,31,-1722,9,16,Miguel Hidalgo,9016
SACM,480221,2151033,1,1984,1985,219,-1,0,0,31,-1805,9,16,Miguel Hidalgo,9016
SACM,480664,2144482,1,1984,1985,220,-1,0,0,31,-3323,9,14,Benito Ju?írez,9014
SACM,485070,2143994,1,1984,1985,224,-1,0,0,31,-2372,9,14,Benito Ju?írez,9014
SACM,480622,2143758,1,1984,1985,228,-1,0,0,31,-2233,9,14,Benito Ju?írez,9014
SACM,485274,2140695,1,1984,1985,229,-1,0,0,31,-4703,9,14,Benito Ju?írez,9014
SACM,485903,2144382,1,1984,1985,230,-1,0,0,31,-4750,9,14,Benito Ju?írez,9014
SACM,479642,2147289,1,1984,1985,231,-1,0,0,31,-3221,9,16,Miguel Hidalgo,9016
SACM,485550,2142726,1,1984,1985,236,-1,0,0,31,-2039,9,14,Benito Ju?írez,9014
SACM,485111,2142220,1,1984,1985,253,-1,0,0,31,-4380,9,14,Benito Ju?írez,9014
SACM,483779,2141901,1,1984,1985,270,-1,0,0,31,-3897,9,14,Benito Ju?írez,9014
SACM,483060,2143897,1,1984,1985,254,-1,0,0,31,-948,9,14,Benito Ju?írez,9014
SACM,482687,2138340,1,1984,1985,277,-1,0,0,31,-4135,9,3,Coyoac?ín,9003
SACM,481901,2135103,1,1984,1985,279,-1,0,0,31,-4169,9,3,Coyoac?ín,9003
SACM,477073,2150067,1,1984,1985,312,-1,0,0,31,-1876,9,16,Miguel Hidalgo,9016
SACM,484686,2140946,1,1984,1985,317,-1,0,0,31,-2154,9,14,Benito Ju?írez,9014
SACM,481168,2151220,1,1984,1985,316,-1,0,0,31,-760,9,16,Miguel Hidalgo,9016
SACM,484258,2143551,1,1984,1985,353,-1,0,0,31,-7319,9,14,Benito Ju?írez,9014
SACM,482187,2138640,1,1984,1985,364,-1,0,0,31,-1964,9,3,Coyoac?ín,9003
SACM,484853,2136072,1,1984,1985,365,-1,0,0,31,-1661,9,3,Coyoac?ín,9003
SACM,481404,2150143,1,1984,1985,379,-1,0,0,31,-2039,9,16,Miguel Hidalgo,9016
SACM,481648,2151031,1,1984,1985,380,-1,0,0,31,-5664,9,16,Miguel Hidalgo,9016
SACM,478238,2150738,1,1984,1985,386,-1,0,0,31,-2870,9,16,Miguel Hidalgo,9016
SACM,477902,2150276,1,1984,1985,363,-1,0,0,31,-2483,9,16,Miguel Hidalgo,9016
SACM,487813,2142061,1,1984,1985,389,-1,0,0,31,-1133,9,7,Iztapalapa,9007
SACM,487121,2145200,1,1984,1985,424,-1,0,0,31,-1265,9,6,Iztacalco,9006
SACM,480791,2133270,1,1984,1985,439,-1,0,0,31,-3359,9,12,Tlalpan,9012
SACM,485843,2150447,1,1984,1985,452,-1,0,0,31,-2652,9,15,Cuauht??moc,9015
SACM,498446,2140032,1,1984,1985,457,-1,0,0,31,-2750,9,7,Iztapalapa,9007
SACM,480210,2151387,1,1984,1985,459,-1,0,0,31,-5361,9,16,Miguel Hidalgo,9016
SACM,478906,2138404,1,1984,1985,497,-1,0,0,31,-5967,9,10,?ülvaro Obreg??n,9010
SACM,487162,2141990,1,1984,1985,561,-1,0,0,31,-4833,9,7,Iztapalapa,9007
SACM,480489,2134541,1,1984,1985,563,-1,0,0,31,-4309,9,3,Coyoac?ín,9003
SACM,485383,2135593,1,1984,1985,568,-1,0,0,31,-1155,9,3,Coyoac?ín,9003
SACM,485353,2136042,1,1984,1985,569,-1,0,0,31,-5459,9,3,Coyoac?ín,9003
SACM,489804,2135343,1,1984,1985,140,-1,0,0,31,-2613,9,13,Xochimilco,9013
SACM,480015,2134312,1,1984,1985,142,-1,0,0,31,-5910,9,3,Coyoac?ín,9003
SACM,479873,2134178,1,1984,1985,143,-1,0,0,31,-4555,9,12,Tlalpan,9012
SACM,477696,2134789,1,1984,1985,144,-1,0,0,31,-3266,9,12,Tlalpan,9012
SACM,482128,2135810,1,1984,1985,145,-1,0,0,31,-2689,9,3,Coyoac?ín,9003
SACM,483445,2136059,1,1984,1985,235,-1,0,0,31,-6705,9,3,Coyoac?ín,9003
SACM,482587,2134705,1,1984,1985,276,-1,0,0,31,-3011,9,3,Coyoac?ín,9003
SACM,483587,2135232,1,1984,1985,448,-1,0,0,31,-5546,9,3,Coyoac?ín,9003
SACM,487365,2136808,1,1984,1985,453,-1,0,0,31,-3486,9,3,Coyoac?ín,9003
SACM,480277,2137821,1,1984,1985,495,-1,0,0,31,-5150,9,3,Coyoac?ín,9003
SACM,482186,2134254,1,1984,1985,576,-1,0,0,31,-1277,9,12,Tlalpan,9012
SACM,483267,2136640,1,1984,1985,577,-1,0,0,31,-6419,9,3,Coyoac?ín,9003
SACM,485577,2137590,1,1984,1985,51,-1,0,0,31,-1115,9,3,Coyoac?ín,9003
SACM,485987,2137418,1,1984,1985,52,-1,0,0,31,-3280,9,3,Coyoac?ín,9003
SACM,485357,2138170,1,1984,1985,147,-1,0,0,31,-3696,9,3,Coyoac?ín,9003
SACM,481261,2131506,1,1984,1985,149,-1,0,0,31,-4020,9,12,Tlalpan,9012
SACM,486699,2140007,1,1984,1985,320,-1,0,0,31,-5044,9,3,Coyoac?ín,9003
SACM,487793,2133865,1,1984,1985,167,-1,0,0,31,-3695,9,12,Tlalpan,9012
SACM,485681,2132491,1,1984,1985,176,-1,0,0,31,-3370,9,12,Tlalpan,9012
SACM,486679,2133212,1,1984,1985,233,-1,0,0,31,-1631,9,12,Tlalpan,9012
SACM,487734,2132727,1,1984,1985,234,-1,0,0,31,-5236,9,13,Xochimilco,9013
SACM,486893,2138915,1,1984,1985,273,-1,0,0,31,-5796,9,3,Coyoac?ín,9003
SACM,485573,2136312,1,1984,1985,293,-1,0,0,31,-876,9,3,Coyoac?ín,9003
SACM,486493,2134490,1,1984,1985,304,-1,0,0,31,-171,9,12,Tlalpan,9012
SACM,484822,2133935,1,1984,1985,305,-1,0,0,31,-6754,9,12,Tlalpan,9012
SACM,484272,2133665,1,1984,1985,306,-1,0,0,31,-2410,9,12,Tlalpan,9012
SACM,483200,2133848,1,1984,1985,307,-1,0,0,31,-2458,9,12,Tlalpan,9012
SACM,484192,2132586,1,1984,1985,308,-1,0,0,31,-2912,9,12,Tlalpan,9012
SACM,483602,2132446,1,1984,1985,309,-1,0,0,31,-2037,9,12,Tlalpan,9012
SACM,486233,2131345,1,1984,1985,311,-1,0,0,31,-4281,9,13,Xochimilco,9013
SACM,486333,2132216,1,1984,1985,294,-1,0,0,31,-2598,9,13,Xochimilco,9013
SACM,488634,2132855,1,1984,1985,295,-1,0,0,31,-1280,9,13,Xochimilco,9013
SACM,488153,2133115,1,1984,1985,296,-1,0,0,31,-2071,9,12,Tlalpan,9012
SACM,486343,2136134,1,1984,1985,297,-1,0,0,31,-5422,9,3,Coyoac?ín,9003
SACM,488083,2134134,1,1984,1985,298,-1,0,0,31,-4890,9,3,Coyoac?ín,9003
SACM,485969,2135229,1,1984,1985,299,-1,0,0,31,-2103,9,3,Coyoac?ín,9003
SACM,489444,2134015,1,1984,1985,300,-1,0,0,31,-10285,9,13,Xochimilco,9013
SACM,489484,2134564,1,1984,1985,301,-1,0,0,31,-2570,9,13,Xochimilco,9013
SACM,489804,2135343,1,1984,1985,302,-1,0,0,31,-2575,9,13,Xochimilco,9013
SACM,488874,2136877,1,1984,1985,303,-1,0,0,31,-5257,9,3,Coyoac?ín,9003
SACM,493646,2134643,1,1984,1985,436,-1,0,0,31,-9267,9,7,Iztapalapa,9007
SACM,492327,2134822,1,1984,1985,427,-1,0,0,31,-6717,9,7,Iztapalapa,9007
SACM,493246,2135738,1,1984,1985,428,-1,0,0,31,-2074,9,7,Iztapalapa,9007
SACM,492660,2136245,1,1984,1985,392,-1,0,0,31,-89,9,7,Iztapalapa,9007
SACM,481265,2133300,1,1984,1985,86,-1,0,0,31,-1258,9,12,Tlalpan,9012
SACM,481103,2138473,1,1984,1985,150,-1,0,0,31,-983,9,3,Coyoac?ín,9003
SACM,482401,2131586,1,1984,1985,151,-1,0,0,31,-3695,9,12,Tlalpan,9012
SACM,482632,2132332,1,1984,1985,162,-1,0,0,31,-345,9,12,Tlalpan,9012
SACM,480912,2132969,1,1984,1985,172,-1,0,0,31,-2826,9,12,Tlalpan,9012
SACM,483430,2130663,1,1984,1985,333,-1,0,0,31,-4568,9,12,Tlalpan,9012
SACM,483177,2130602,1,1984,1985,338,-1,0,0,31,-5106,9,12,Tlalpan,9012
SACM,483552,2130452,1,1984,1985,346,-1,0,0,31,-1730,9,12,Tlalpan,9012
SACM,483815,2130811,1,1984,1985,347,-1,0,0,31,-4340,9,12,Tlalpan,9012
SACM,484339,2131154,1,1984,1985,348,-1,0,0,31,-2712,9,12,Tlalpan,9012
SACM,485210,2132061,1,1984,1985,349,-1,0,0,31,-2595,9,13,Xochimilco,9013
SACM,484935,2131404,1,1984,1985,350,-1,0,0,31,-1302,9,12,Tlalpan,9012
SACM,484129,2130853,1,1984,1985,352,-1,0,0,31,-3398,9,12,Tlalpan,9012
SACM,483792,2130536,1,1984,1985,334,-1,0,0,31,-4425,9,12,Tlalpan,9012
SACM,481638,2133393,1,1984,1985,381,-1,0,0,31,-6307,9,12,Tlalpan,9012
SACM,483072,2129627,1,1984,1985,420,-1,0,0,31,-2315,9,12,Tlalpan,9012
SACM,480995,2131462,1,1984,1985,450,-1,0,0,31,-582,9,12,Tlalpan,9012
SACM,486705,2123955,1,1984,1985,500,-1,0,0,31,-1051,9,13,Xochimilco,9013
SACM,483222,2133095,1,1984,1985,501,-1,0,0,31,-1296,9,12,Tlalpan,9012
SACM,480443,2134197,1,1984,1985,564,-1,0,0,31,-1382,9,12,Tlalpan,9012
SACM,479950,2133465,1,1984,1985,565,-1,0,0,31,-816,9,12,Tlalpan,9012
SACM,479688,2133363,1,1984,1985,88,-1,0,0,31,-1283,9,12,Tlalpan,9012
SACM,479648,2133076,1,1984,1985,89,-1,0,0,31,-1304,9,12,Tlalpan,9012
SACM,478437,2134424,1,1984,1985,95,-1,0,0,31,-480,9,12,Tlalpan,9012
SACM,476178,2134095,1,1984,1985,161,-1,0,0,31,-1919,9,12,Tlalpan,9012
SACM,483120,2131330,1,1984,1985,178,-1,0,0,31,-2913,9,12,Tlalpan,9012
SACM,476778,2134389,1,1984,1985,255,-1,0,0,31,-3659,9,12,Tlalpan,9012
SACM,476720,2134847,1,1984,1985,256,-1,0,0,31,-1872,9,12,Tlalpan,9012
SACM,477814,2133790,1,1984,1985,259,-1,0,0,31,-1973,9,12,Tlalpan,9012
SACM,482211,2130826,1,1984,1985,275,-1,0,0,31,-2268,9,12,Tlalpan,9012
SACM,479896,2133084,1,1984,1985,280,-1,0,0,31,-173,9,12,Tlalpan,9012
SACM,485550,2142726,1,1984,1985,236,-1,0,0,31,-3882,9,14,Benito Ju?írez,9014
SACM,486562,2130782,1,1984,1985,240,-1,0,0,31,-670,9,13,Xochimilco,9013
SACM,487133,2129237,1,1984,1985,241,-1,0,0,31,-4270,9,13,Xochimilco,9013
SACM,487635,2129008,1,1984,1985,242,-1,0,0,31,-883,9,13,Xochimilco,9013
SACM,487975,2128974,1,1984,1985,243,-1,0,0,31,-10661,9,13,Xochimilco,9013
SACM,487231,2128266,1,1984,1985,244,-1,0,0,31,-3270,9,13,Xochimilco,9013
SACM,488178,2127972,1,1984,1985,245,-1,0,0,31,-6785,9,13,Xochimilco,9013
SACM,489421,2127836,1,1984,1985,246,-1,0,0,31,-8465,9,13,Xochimilco,9013
SACM,487085,2126212,1,1984,1985,354,-1,0,0,31,-6055,9,13,Xochimilco,9013
SACM,486650,2126527,1,1984,1985,355,-1,0,0,31,-523,9,13,Xochimilco,9013
SACM,488882,2127217,1,1984,1985,366,-1,0,0,31,-7803,9,13,Xochimilco,9013
SACM,487111,2126517,1,1984,1985,371,-1,0,0,31,-4122,9,13,Xochimilco,9013
SACM,489958,2126538,1,1984,1985,372,-1,0,0,31,-2061,9,13,Xochimilco,9013
SACM,486666,2126212,1,1984,1985,373,-1,0,0,31,-2390,9,13,Xochimilco,9013
SACM,489992,2126177,1,1984,1985,374,-1,0,0,31,-5742,9,13,Xochimilco,9013
SACM,492891,2126808,1,1984,1985,376,-1,0,0,31,-5777,9,13,Xochimilco,9013
SACM,488261,2127516,1,1984,1985,377,-1,0,0,31,-4996,9,13,Xochimilco,9013
SACM,486026,2130803,1,1984,1985,378,-1,0,0,31,-5079,9,13,Xochimilco,9013
SACM,485222,2130406,1,1984,1985,367,-1,0,0,31,-2475,9,13,Xochimilco,9013
SACM,496467,2128172,1,1984,1985,368,-1,0,0,31,-2239,9,13,Xochimilco,9013
SACM,493006,2128467,1,1984,1985,383,-1,0,0,31,-1693,9,13,Xochimilco,9013
SACM,492890,2127862,1,1984,1985,384,-1,0,0,31,-4996,9,13,Xochimilco,9013
SACM,497615,2129035,1,1984,1985,394,-1,0,0,31,-5719,9,13,Xochimilco,9013
SACM,497036,2129582,1,1984,1985,407,-1,0,0,31,-2797,9,13,Xochimilco,9013
SACM,497202,2129606,1,1984,1985,408,-1,0,0,31,-2086,9,13,Xochimilco,9013
SACM,497315,2129600,1,1984,1985,409,-1,0,0,31,-4610,9,13,Xochimilco,9013
SACM,497439,2129597,1,1984,1985,410,-1,0,0,31,-4856,9,13,Xochimilco,9013
SACM,496647,2129289,1,1984,1985,411,-1,0,0,31,-8519,9,13,Xochimilco,9013
SACM,496435,2128999,1,1984,1985,412,-1,0,0,31,-10254,9,13,Xochimilco,9013
SACM,496048,2129025,1,1984,1985,413,-1,0,0,31,-10714,9,13,Xochimilco,9013
SACM,495713,2128981,1,1984,1985,395,-1,0,0,31,-16510,9,13,Xochimilco,9013
SACM,495413,2128559,1,1984,1985,396,-1,0,0,31,-7877,9,13,Xochimilco,9013
SACM,495360,2128726,1,1984,1985,397,-1,0,0,31,-8399,9,13,Xochimilco,9013
SACM,494961,2128603,1,1984,1985,398,-1,0,0,31,-8170,9,13,Xochimilco,9013
SACM,492704,2128176,1,1984,1985,401,-1,0,0,31,-4110,9,13,Xochimilco,9013
SACM,492917,2128568,1,1984,1985,402,-1,0,0,31,-6084,9,13,Xochimilco,9013
SACM,492829,2128339,1,1984,1985,403,-1,0,0,31,-9991,9,13,Xochimilco,9013
SACM,491807,2127960,1,1984,1985,404,-1,0,0,31,-1832,9,13,Xochimilco,9013
SACM,490706,2127793,1,1984,1985,406,-1,0,0,31,-6676,9,13,Xochimilco,9013
SACM,496162,2128409,1,1984,1985,414,-1,0,0,31,-2729,9,13,Xochimilco,9013
SACM,489528,2127154,1,1984,1985,390,-1,0,0,31,-6552,9,13,Xochimilco,9013
SACM,487902,2127087,1,1984,1985,393,-1,0,0,31,-4122,9,13,Xochimilco,9013
SACM,492727,2127595,1,1984,1985,441,-1,0,0,31,-515,9,13,Xochimilco,9013
SACM,486440,2128685,1,1984,1985,444,-1,0,0,31,-6196,9,13,Xochimilco,9013
SACM,487217,2127605,1,1984,1985,451,-1,0,0,31,-2797,9,13,Xochimilco,9013
SACM,484817,2130992,1,1984,1985,485,-1,0,0,31,-2797,9,12,Tlalpan,9012
SACM,484526,2130414,1,1984,1985,486,-1,0,0,31,-3273,9,12,Tlalpan,9012
SACM,485444,2131291,1,1984,1985,487,-1,0,0,31,-4362,9,13,Xochimilco,9013
SACM,485285,2131689,1,1984,1985,37,-1,0,0,31,-5984,9,13,Xochimilco,9013
SACM,487741,2125198,1,1984,1985,232,-1,0,0,31,-595,9,13,Xochimilco,9013
SACM,497979,2128002,1,1984,1985,105,-1,0,0,31,-1518,9,13,Xochimilco,9013
SACM,498560,2127688,1,1984,1985,106,-1,0,0,31,-6098,9,11,Tl?íhuac,9011
SACM,499305,2127979,1,1984,1985,153,-1,0,0,31,-2954,9,11,Tl?íhuac,9011
SACM,498387,2122183,1,1984,1985,337,-1,0,0,31,-5117,9,9,Milpa Alta,9009
SACM,498543,2122563,1,1984,1985,339,-1,0,0,31,-3836,9,9,Milpa Alta,9009
SACM,498704,2122951,1,1984,1985,342,-1,0,0,31,-3377,9,9,Milpa Alta,9009
SACM,500747,2124403,1,1984,1985,482,-1,0,0,31,-1699,9,9,Milpa Alta,9009
SACM,501476,2124659,1,1984,1985,464,-1,0,0,31,-6022,9,9,Milpa Alta,9009
SACM,501597,2124497,1,1984,1985,465,-1,0,0,31,-6929,9,9,Milpa Alta,9009
SACM,502121,2124423,1,1984,1985,466,-1,0,0,31,-7744,9,9,Milpa Alta,9009
SACM,501779,2124406,1,1984,1985,467,-1,0,0,31,-5275,9,9,Milpa Alta,9009
SACM,502113,2124639,1,1984,1985,468,-1,0,0,31,-5594,9,9,Milpa Alta,9009
SACM,502326,2124457,1,1984,1985,469,-1,0,0,31,-5292,9,9,Milpa Alta,9009
SACM,502892,2124315,1,1984,1985,471,-1,0,0,31,-5540,9,9,Milpa Alta,9009
SACM,499862,2127969,1,1984,1985,505,-1,0,0,31,-4200,9,11,Tl?íhuac,9011
SACM,499774,2128224,1,1984,1985,506,-1,0,0,31,-3952,9,11,Tl?íhuac,9011
SACM,499404,2128348,1,1984,1985,507,-1,0,0,31,-9599,9,11,Tl?íhuac,9011
SACM,499184,2128488,1,1984,1985,508,-1,0,0,31,-5436,9,11,Tl?íhuac,9011
SACM,498855,2128500,1,1984,1985,509,-1,0,0,31,-5300,9,13,Xochimilco,9013
SACM,498541,2128735,1,1984,1985,510,-1,0,0,31,-6127,9,13,Xochimilco,9013
SACM,498153,2128420,1,1984,1985,511,-1,0,0,31,-11951,9,13,Xochimilco,9013
SACM,498224,2129148,1,1984,1985,504,-1,0,0,31,-6355,9,13,Xochimilco,9013
SACM,490524,2145198,1,1984,1985,102,-1,0,0,31,-2908,9,6,Iztacalco,9006
SACM,490215,2136947,1,1984,1985,168,-1,0,0,31,-433,9,7,Iztapalapa,9007
SACM,490395,2136697,1,1984,1985,169,-1,0,0,31,-2337,9,7,Iztapalapa,9007
SACM,488920,2141217,1,1984,1985,171,-1,0,0,31,-1271,9,7,Iztapalapa,9007
SACM,490429,2140629,1,1984,1985,184,-1,0,0,31,-3678,9,7,Iztapalapa,9007
SACM,489524,2140324,1,1984,1985,186,-1,0,0,31,-5391,9,7,Iztapalapa,9007
SACM,494401,2141125,1,1984,1985,188,-1,0,0,31,-3110,9,7,Iztapalapa,9007
SACM,489024,2138895,1,1984,1985,361,-1,0,0,31,-4666,9,7,Iztapalapa,9007
SACM,492110,2138566,1,1984,1985,266,-1,0,0,31,-1468,9,7,Iztapalapa,9007
SACM,492185,2138296,1,1984,1985,267,-1,0,0,31,-5605,9,7,Iztapalapa,9007
SACM,491725,2138701,1,1984,1985,268,-1,0,0,31,-5093,9,7,Iztapalapa,9007
SACM,496929,2143163,1,1984,1985,282,-1,0,0,31,-3988,9,7,Iztapalapa,9007
SACM,496431,2141160,1,1984,1985,283,-1,0,0,31,-7427,9,7,Iztapalapa,9007
SACM,497573,2142887,1,1984,1985,285,-1,0,0,31,-8896,9,7,Iztapalapa,9007
SACM,495210,2141993,1,1984,1985,286,-1,0,0,31,-4290,9,7,Iztapalapa,9007
SACM,485811,2136521,1,1984,1985,288,-1,0,0,31,-5212,9,3,Coyoac?ín,9003
SACM,497336,2141954,1,1984,1985,289,-1,0,0,31,-3963,9,7,Iztapalapa,9007
SACM,496897,2141745,1,1984,1985,290,-1,0,0,31,-1899,9,7,Iztapalapa,9007
SACM,496437,2142004,1,1984,1985,291,-1,0,0,31,-4995,9,7,Iztapalapa,9007
SACM,496509,2142463,1,1984,1985,292,-1,0,0,31,-2763,9,7,Iztapalapa,9007
SACM,492113,2140360,1,1984,1985,326,-1,0,0,31,-2985,9,7,Iztapalapa,9007
SACM,492584,2141270,1,1984,1985,332,-1,0,0,31,-1747,9,7,Iztapalapa,9007
SACM,480042,2143331,1,1984,1985,454,-1,0,0,31,-5382,9,14,Benito Ju?írez,9014
SACM,487649,2141016,1,1984,1985,455,-1,0,0,31,-2668,9,7,Iztapalapa,9007
SACM,487114,2141384,1,1984,1985,532,-1,0,0,31,-173,9,7,Iztapalapa,9007
SACM,486789,2140914,1,1984,1985,533,-1,0,0,31,-1814,9,7,Iztapalapa,9007
SACM,487174,2140802,1,1984,1985,534,-1,0,0,31,-1443,9,7,Iztapalapa,9007
SACM,487435,2140423,1,1984,1985,559,-1,0,0,31,-4925,9,7,Iztapalapa,9007
SACM,487191,2140016,1,1984,1985,560,-1,0,0,31,-1123,9,3,Coyoac?ín,9003
SACM,496913,2138347,1,1984,1985,443,-1,0,0,31,-4164,9,7,Iztapalapa,9007
SACM,479525,2142124,1,1984,1985,20,-1,0,0,31,-1706,9,10,?ülvaro Obreg??n,9010
SACM,479826,2143897,1,1984,1985,77,-1,0,0,31,-2244,9,10,?ülvaro Obreg??n,9010
SACM,477767,2140498,1,1984,1985,84,-1,0,0,31,-2226,9,10,?ülvaro Obreg??n,9010
SACM,479080,2143917,1,1984,1985,131,-1,0,0,31,-3711,9,10,?ülvaro Obreg??n,9010
SACM,479819,2141143,1,1984,1985,99,-1,0,0,31,-1361,9,10,?ülvaro Obreg??n,9010
SACM,476811,2147687,1,1984,1985,112,-1,0,0,31,-1934,9,16,Miguel Hidalgo,9016
SACM,479054,2141245,1,1984,1985,221,-1,0,0,31,-2059,9,10,?ülvaro Obreg??n,9010
SACM,479362,2140943,1,1984,1985,222,-1,0,0,31,-853,9,10,?ülvaro Obreg??n,9010
SACM,477978,2138211,1,1984,1985,251,-1,0,0,31,-603,9,10,?ülvaro Obreg??n,9010
SACM,479631,2143506,1,1984,1985,319,-1,0,0,31,-1469,9,10,?ülvaro Obreg??n,9010
SACM,477108,2150026,1,1984,1985,362,-1,0,0,31,-645,9,16,Miguel Hidalgo,9016
SACM,476723,2136300,1,1984,1985,385,-1,0,0,31,-1227,9,8,La Magdalena Contreras,9008
SACM,477689,2141301,1,1984,1985,446,-1,0,0,31,-1006,9,10,?ülvaro Obreg??n,9010
SACM,479760,2144819,1,1984,1985,460,-1,0,0,31,-4045,9,10,?ülvaro Obreg??n,9010
SACM,478505,2144514,1,1984,1985,461,-1,0,0,31,-1220,9,10,?ülvaro Obreg??n,9010
SACM,477626,2144350,1,1984,1985,462,-1,0,0,31,-690,9,10,?ülvaro Obreg??n,9010
SACM,475535,2138416,1,1984,1985,496,-1,0,0,31,-1627,9,10,?ülvaro Obreg??n,9010
SACM,472181,2142453,1,1984,1985,567,-1,0,0,31,-2220,9,4,Cuajimalpa de Morelos,9004
