GOBIERNO DEL DISTRITO FEDERAL,,,,,,,,,,,,,,,,,,,,,
SISTEMA DE AGUAS DE LA CIUDAD DE MEXICO,,,,,,,,,,,,,,,,,,,,,
DIRECCIÓN DE SECTORIZACIÓN Y AUTOMATIZACIÓN,,,,,,,,,,,,,,,,,,,,,
SUBDIRECCIÓN DE MACROMEDICIÓN Y CONTROL DE REDES,,,,,,,,,,,,,,,,,,,,,15847229
1993,,,,,,,,,,,,,,,,,,,,,435135111
,,524,,,,,,,,,,,,,,,,,,,457473744
NOMBRE,No.,X,Y,ID,CVE_ENT,CVE_MUN,NOM_MUN,CODE,ENE,FEB,MAR,ABR,MAY,JUN,JUL,AGO,SEP,OCT,NOV,DIC,
AZCAPOTZALCO #1,1,478498,2156819,81,09,002,Azcapotzalco,09002,87091,99792,74995,84672,105840,91930,91930,111888,89510,99101,102816,72576,1112141
AHUIZOTLA,2,478008,2153563,13,09,002,Azcapotzalco,09002,38707,48384,38707,36288,45360,36288,36288,42336,31450,37498,45360,21773,458438
ATORON #6,3,482692,2154553,44,09,002,Azcapotzalco,09002,REHAB.,REHAB.,REHAB.,REHAB.,REHAB.,REHAB.,REHAB.,REHAB.,REHAB.,REHAB.,REHAB.,REHAB.,0
CAMPO ENCANTADO,4,479219,2153704,93,09,002,Azcapotzalco,09002,125798,148176,104026,116122,148176,116122,101606,166320,133056,147312,160272,113702,1580688
CAMPAMENTO AZCAPOTZALCO,5,480744,2154714,91,09,002,Azcapotzalco,09002,87091,93744,65318,84672,102816,84672,84672,108864,87091,96422,96768,82253,1074384
CLAVERIA,6,480901,2152320,120,09,002,Azcapotzalco,09002,87091,105840,58061,84672,105840,84672,84672,99792,79834,96422,33264,65318,985478
DEPORTIVO FERRERIA,7,482973,2152823,135,09,002,Azcapotzalco,09002,53222,130032,96768,106445,123984,106445,106445,120960,106445,117850,127008,84672,1280275
DEPORTIVO REYNOSA,8,480463,2157220,136,15,104,Tlalnepantla de Baz,15104,147571,214704,164506,125798,178416,120960,130637,199584,140314,158026,202608,104026,1887149
HOGAR Y SEGURIDAD,9,482157,2152446,173,09,002,Azcapotzalco,09002,REHAB.,REHAB.,REHAB.,RECUP.,REHAB.,REHAB.,RECUP.,REHAB.,REHAB.,REHAB.,REHAB.,REHAB.,0
JARDIN SAN ALVARO,10,480945,2151587,196,09,016,Miguel Hidalgo,09016,94349,117936,89510,72576,123984,94349,99187,120960,96768,101779,111888,99187,1222474
NUEVA SANTA MARIA,11,482650,2152058,248,09,002,Azcapotzalco,09002,94349,102816,82253,94349,117936,87091,87091,105840,79834,107136,123984,53222,1135901
OBRERO POPULAR,12,481957,2152026,250,09,002,Azcapotzalco,09002,89510,127008,101606,101606,127008,96768,96768,105840,96768,107136,105840,36288,1192147
PANAMERICANA,13,484759,2153609,262,09,005,Gustavo A. Madero,09005,29030,RECUP.,RECUP.,RECUP.,RECUP.,RECUP.,RECUP.,RECUP.,RECUP.,RECUP.,RECUP.,RECUP.,29030
PANTACO #1,14,482283,2154851,263,09,002,Azcapotzalco,09002,79834,102816,82253,77414,90720,70157,74995,99792,84672,93744,99792,74995,1031184
PANTACO #2,15,482419,2154039,264,09,002,Azcapotzalco,09002,67738,84672,67738,62899,84672,70157,70157,93744,45965,REHAB.,REHAB.,REHAB.,647741
PANTACO #3,16,482304,2153389,265,09,002,Azcapotzalco,09002,43546,RECUP.,RECUP.,RECUP.,RECUP.,RECUP.,RECUP.,RECUP.,RECUP.,109814,111888,101606,366854
PARQUE TEZOZOMOC,17,#N/A,#N/A,#N/A,#N/A,#N/A,#N/A,#N/A,0,0,0,0,0,0,0,0,29030,147312,157248,128218,461808
PETROLERA,18,479198,2154207,313,09,002,Azcapotzalco,09002,50803,60480,50803,33869,51408,45965,48384,57456,45965,53568,60480,48384,607565
PRADOS DEL ROSARIO,19,478144,2155925,321,09,002,Azcapotzalco,09002,120960,151200,120960,113702,133056,89510,111283,139104,106445,123206,136080,84672,1430179
PRO-HOGAR,20,483605,2152928,323,09,002,Azcapotzalco,09002,82253,81648,74995,91930,105840,70157,70157,99792,84672,96422,96768,72576,1027210
PROVIDENCIA,21,478144,2155181,324,09,002,Azcapotzalco,09002,50803,69552,45965,55642,63504,58061,55642,72576,45965,37498,57456,38707,651370
PRESIDENTE MADERO,22,478895,2155313,322,09,002,Azcapotzalco,09002,99187,130032,99187,108864,117936,96768,106445,139104,108864,123206,87696,116122,1333411
SANTA CATARINA AZCAPOTZALCO,23,471527,2154972,438,15,057,Naucalpan de Ju?írez,15057,62899,84672,67738,62899,81648,55642,41126,72576,62899,58925,72576,29030,752630
SAN JUAN TLIHUACA,24,478946,2154626,388,09,002,Azcapotzalco,09002,29030,36288,26611,26611,33264,26611,26611,39312,29030,34819,36288,29030,373507
SAN MARTIN XOCHINAHUAC #1,25,479995,2155926,415,09,002,Azcapotzalco,09002,29030,33264,21773,29030,30240,36288,36288,51408,41126,45533,39312,36288,429581
SAN MARTIN XOCHINAHUAC #2,26,478781,2155913,416,09,002,Azcapotzalco,09002,176602,223776,179021,154829,166320,137894,130637,202608,91930,208915,199584,169344,2041459
SAN MIGUEL AMANTLA,27,478540,2153210,417,09,002,Azcapotzalco,09002,87091,108864,84672,43546,84672,82253,87091,105840,84672,96422,111888,84672,1061683
SAN PEDRO XALPA #1,28,478126,2154207,421,09,002,Azcapotzalco,09002,65318,87696,70157,31450,45360,36288,41126,48384,65318,77674,54432,38707,661910
SAN PEDRO XALPA #2,29,477447,2154531,422,09,002,Azcapotzalco,09002,55642,REHAB.,REHAB.,REHAB.,REHAB.,REHAB.,REHAB.,84672,REHAB.,REHAB.,REHAB.,31450,171763
TRABAJADORES DEL HIERRO,30,484108,2153620,503,09,002,Azcapotzalco,09002,135475,145152,120960,133056,139104,125798,133056,136080,135475,149990,160272,133056,1647475
VALLE DEL TEPEYAC,31,485252,2154857,535,09,005,Gustavo A. Madero,09005,MAL.CAL,MAL.CAL,MAL.CAL,MAL.CAL,MAL.CAL,MAL.CAL,MAL.CAL,MAL.CAL,MAL.CAL,MAL.CAL,MAL.CAL,MAL.CAL,0
VILLAS AZCAPOTZALCO,32,479576,2155276,566,09,002,Azcapotzalco,09002,94349,120960,74995,99187,111888,91930,77414,102816,45965,93744,99792,87091,1100131
ABASOLO JARDIN ,33,484606,2150489,2,09,015,Cuauht??moc,09015,135475,133920,108864,131155,114048,101606,63590,FE,FE,FE,FE,FE,788659
ACACIAS,34,481862,2140960,4,09,014,Benito Ju?írez,09014,102298,109814,67738,91238,57024,43546,69120,66960,60480,71885,64282,53222,857606
ALAMEDA DE SANTA MARIA,35,483553,2150442,15,09,015,Cuauht??moc,09015,163123,160704,142733,162518,165888,152410,152064,149990,128218,171418,93744,137894,1780704
ALAMEDA DE TACUBAYA,36,480571,2145040,16,09,016,Miguel Hidalgo,09016,176947,163382,154829,188179,137376,116122,193536,184810,176602,218419,206237,147571,2064010
ALAMOS JARDIN #1,37,485190,2144841,17,09,014,Benito Ju?írez,09014,52531,58925,48384,59875,41472,45965,77414,80352,65318,85709,77674,79834,773453
ALAMOS JARDIN #2,38,485124,2145120,18,09,014,Benito Ju?írez,09014,157594,152669,137894,165370,145152,89510,127181,133920,111283,110592,83030,36288,1450483
ALBERT Y BERLIN,39,485377,2141715,19,09,014,Benito Ju?írez,09014,165888,163382,140314,171072,134784,96768,171418,160704,152410,182477,104458,120960,1764634
ALGARIN,40,485104,2145574,21,09,015,Cuauht??moc,09015,118886,115171,101606,122602,98496,21773,71885,107136,50803,96768,109814,96768,1111709
ALTAVISTA,41,479176,2139108,22,09,010,?ülvaro Obreg??n,09010,152064,149990,120960,153965,134784,125798,121651,123206,84672,113357,101779,130637,1512864
AMADO NERVO ,42,483792,2147228,24,09,015,Cuauht??moc,09015,RE,RE,RE,RE,RE,RE,RE,RE,RE,RE,RE,RE,0
ANTONIO M. ANZA,43,483287,2146238,36,09,015,Cuauht??moc,09015,49766,50890,41126,45619,44064,4838,RE,RE,4838,82944,29462,FE,353549
ARENAL SAN ANGEL,44,480917,2139244,38,09,003,Coyoac?ín,09003,118886,123206,106445,128304,101088,94349,118886,85709,104026,102298,109814,84672,1277683
ARNAIZ ROSENDO ,45,480411,2143138,39,09,014,Benito Ju?írez,09014,52531,50890,53222,74131,82944,29030,RH,RH,RH,RH,FS,7258,350006
AV. D. CASTILLO,46,492091,2156078,78,09,005,Gustavo A. Madero,09005,RE,RE,RE,RE,RE,RE,RE,RE,RE,RE,RE,RE,0
AXOTLA,47,481716,2140255,80,09,010,?ülvaro Obreg??n,09010,47002,45533,33869,42768,36288,9677,5530,34819,RE,27648,29462,26611,339206
BENJAMIN FRANKLIN,48,480957,2145692,87,09,016,Miguel Hidalgo,09016,11059,34819,31450,37066,31104,29030,38707,37498,33869,33178,32141,29030,378950
CAMPESTRE,49,483850,2140451,92,09,014,Benito Ju?írez,09014,RE,RE,RE,RE,RE,RE,RE,RE,33869,RE,RE,RE,33869
CAMPOS ELISEOS ,50,478852,2148058,94,09,016,Miguel Hidalgo,09016,110592,109814,91930,88387,18144,36288,63590,58925,RE,60826,61603,53222,753322
CASA AMARILLA,51,480065,2145785,98,09,016,Miguel Hidalgo,09016,171418,155347,118541,148262,127008,128218,160358,152669,58061,146534,160704,135475,1662595
CEDROS Y MOLIERE,52,478706,2148642,104,09,016,Miguel Hidalgo,09016,91238,93744,82253,74131,90720,77414,96768,93744,140314,99533,88387,72576,1100822
CHAPULTEPEC MORALES,53,480327,2148642,113,09,016,Miguel Hidalgo,09016,85709,85709,55642,65578,36288,58061,74650,99101,82253,96768,85709,94349,919814
CICERON,54,478413,2148337,119,09,016,Miguel Hidalgo,09016,71885,69638,62899,74131,64800,55642,44237,45533,87091,41472,42854,36288,696470
DIAGONAL SAN ANTONIO,55,484551,2144735,139,09,014,Benito Ju?írez,09014,35942,133920,118541,142560,121824,94349,129946,147312,41126,149299,149990,125798,1390608
DIRECTO #22,56,477696,2134789,144,09,012,Tlalpan,09012,107827,101779,84672,111197,25920,26611,30413,2678,130637,RH,8035,24192,653962
HUERTAS DEL CARMEN,57,480757,2138752,175,09,003,Coyoac?ín,09003,102298,99101,84672,111197,98496,72576,88474,99101,RH,102298,104458,99187,1061856
IRRIGACION,58,478175,2149700,177,09,016,Miguel Hidalgo,09016,52531,53568,50803,54173,38880,RH,RH,RH,94349,52531,FS,FS,396835
JARDIN DE SAN JACINTO,59,479963,2138791,193,09,010,?ülvaro Obreg??n,09010,160358,158026,118541,153965,145152,67738,88474,74995,36288,110592,109814,99187,1323130
JARDINES DEL PEDREGAL #1 ,60,478216,2137221,197,09,010,?ülvaro Obreg??n,09010,RN,RN,RN,RN,RN,RN,RN,RN,96768,RN,RN,RN,96768
JARDINES DEL PEDREGAL #2 ,61,479233,2137630,198,09,010,?ülvaro Obreg??n,09010,11059,13392,12096,11405,0,0,PA,0,RN,0,0,PA,47952
JARDINES DEL PEDREGAL #3 ,62,479590,2136089,199,09,003,Coyoac?ín,09003,RN,RN,RN,RN,RN,RH,RH,RH,0,RH,RH,RN,0
JARDINES DEL PEDREGAL #4-B,63,477965,2135930,200,09,010,?ülvaro Obreg??n,09010,105062,112493,82253,99792,72576,101606,116122,109814,RH,124416,133920,116122,1174176
JARDINES DEL PEDREGAL #5-A,64,477046,2135344,202,09,010,?ülvaro Obreg??n,09010,RN,RN,RN,RN,RN,RN,RN,RN,99187,RN,RN,RN,99187
JARDINES DEL PEDREGAL #5-B,65,477155,2135188,203,09,010,?ülvaro Obreg??n,09010,110592,120528,104026,122602,127008,113702,132710,99101,RN,102298,101779,123379,1257725
JARDIN MORELOS ,66,481303,2145227,194,09,016,Miguel Hidalgo,09016,RE,RE,RE,RE,RE,RE,RE,RE,89510,RE,RE,RE,89510
JARDIN POMBO,67,480823,2144109,195,09,014,Benito Ju?írez,09014,30413,42854,55642,76982,64800,60480,55296,61603,RE,60826,66960,58061,633917
LA CAMPANA,68,480797,2141915,204,09,014,Benito Ju?írez,09014,154829,149990,130637,151114,150336,140314,154829,149990,55642,157594,144634,128218,1668125
HORMIGA,69,479959,2146530,174,09,016,Miguel Hidalgo,09016,55296,58925,45965,51322,51840,48384,44237,40176,137894,44237,42854,38707,659837
LA HUERTA,70,483034,2142593,206,09,014,Benito Ju?írez,09014,149299,147312,96768,145411,139968,99187,107827,125885,38707,121651,128563,94349,1394928
LAGO GINEBRA,71,479224,2150276,209,09,016,Miguel Hidalgo,09016,88474,88387,79834,88387,64800,48384,77414,56246,116122,91238,83030,9677,891994
LEGARIA,72,478689,2150496,210,09,016,Miguel Hidalgo,09016,96768,107136,58061,76982,77760,70157,74650,107136,62899,85709,112493,101606,1031357
MAR MEDITERRANEO,73,481776,2150834,216,09,016,Miguel Hidalgo,09016,88474,85709,74995,82685,80352,74995,69120,69638,94349,63590,64282,55642,903830
MARINA NACIONAL #1,74,481481,2149520,217,09,016,Miguel Hidalgo,09016,74650,74995,58061,65578,80352,65318,58061,42854,58061,30413,61603,79834,749779
MARINA NACIONAL #2,75,#N/A,#N/A,#N/A,#N/A,#N/A,#N/A,#N/A,RE,RE,RE,RE,RE,RE,RE,RE,24192,RE,RE,RE,24192
MARINA NACIONAL #3,76,480760,2150404,218,09,016,Miguel Hidalgo,09016,71885,77674,70157,79834,72576,67738,77414,72317,RE,66355,66960,67738,790646
MARINA NACIONAL #4,77,480221,2151033,219,09,016,Miguel Hidalgo,09016,135475,125885,106445,122602,59616,14515,38707,32141,70157,52531,29462,36288,823824
MARTIRES DE TACUBAYA ,78,480664,2144482,220,09,014,Benito Ju?írez,09014,96768,83030,60480,62726,75168,67738,66355,61603,50803,58061,72317,82253,837302
MAYORAZGO,79,#N/A,#N/A,#N/A,#N/A,#N/A,#N/A,#N/A,RE,RE,RE,RE,RE,RE,RE,RE,45965,RE,RE,RE,45965
MIGUEL ALEMAN,80,485070,2143994,224,09,014,Benito Ju?írez,09014,RN,RN,RN,RN,RN,RN,RN,RN,RE,RN,RN,RN,0
MIRAFLORES,81,480622,2143758,228,09,014,Benito Ju?írez,09014,82944,112493,116122,134006,101088,99187,102298,120528,RN,121651,117850,91930,1200096
MIRAVALLE,82,485274,2140695,229,09,014,Benito Ju?írez,09014,116122,115171,101606,96941,111456,77414,129946,131242,106445,132710,131242,113702,1363997
MODERNA,83,485903,2144382,230,09,014,Benito Ju?írez,09014,30413,107136,91930,88387,90720,60480,110592,93744,118541,82944,112493,108864,1096243
MOLINO DEL REY ,84,479642,2147289,231,09,016,Miguel Hidalgo,09016,85709,88387,77414,91238,82944,77414,88474,88387,99187,88474,88387,77414,1033430
NAPOLES,85,#N/A,#N/A,#N/A,#N/A,#N/A,#N/A,#N/A,RE,RE,RE,RE,RE,RE,RE,RE,79834,RE,RE,RE,79834
NATIVITAS,86,485550,2142726,236,09,014,Benito Ju?írez,09014,69120,66960,58061,68429,44064,33869,30413,40176,RE,38707,37498,33869,521165
NATIVITAS ,87,485550,2142726,236,09,014,Benito Ju?írez,09014,127181,133920,113702,142560,90720,101606,154829,182131,33869,185242,163382,164506,1593648
NORMANDIA,88,485856,2141928,247,09,007,Iztapalapa,09007,171418,166061,145152,173923,150336,89510,118886,141955,154829,129946,147312,137894,1727222
NUEVO MIGUEL ALEMAN,89,485108,2143877,249,09,014,Benito Ju?írez,09014,129946,120528,142733,162518,152928,128218,160358,155347,123379,160358,155347,104026,1695686
ORTIZ RUBIO ,90,485111,2142220,253,09,014,Benito Ju?írez,09014,176947,179453,147571,182477,152928,12096,FE,61603,142733,141005,117850,108864,1423526
P. MARISCAL SUCRE ,91,483060,2143897,254,09,014,Benito Ju?írez,09014,RE,133920,145152,151114,165888,147571,176947,163382,118541,160358,152669,108864,1624406
PARQUE DE LOS VENADOS,92,483779,2141901,270,09,014,Benito Ju?írez,09014,160358,155347,130637,151114,98496,70157,135475,112493,164506,149299,141955,120960,1590797
PARROQUIA #1,93,483206,2141726,271,09,014,Benito Ju?írez,09014,RE,RE,RE,RE,RE,RE,RE,RE,123379,RE,RE,RE,123379
PARROQUIA #2,94,483206,2141726,272,09,014,Benito Ju?írez,09014,5530,5357,4838,2851,28512,21773,2765,2678,RE,2765,2678,2419,82166
PERIODISTA,95,477073,2150067,312,09,016,Miguel Hidalgo,09016,19354,109814,113702,148262,114048,108864,58061,50890,2419,47002,66960,72576,911952
PIRULERA ,96,#N/A,#N/A,#N/A,#N/A,#N/A,#N/A,#N/A,113357,141955,99187,131155,88128,101606,94003,91066,48384,102298,96422,125798,1233360
POPOTLA ARBOL,97,#N/A,#N/A,#N/A,#N/A,#N/A,#N/A,#N/A,RE,RE,RE,RE,RE,RE,RE,RE,94349,RE,RE,RE,94349
PORTALES ,98,484686,2140946,317,09,014,Benito Ju?írez,09014,121651,117850,104026,125453,82944,41126,94003,69638,RE,138240,139277,113702,1147910
RADIO MIL,99,484258,2143551,353,09,014,Benito Ju?írez,09014,102298,80352,58061,51322,111456,108864,113357,115171,118541,121651,120528,101606,1203206
RIO SAN JOAQUIN,100,477902,2150276,363,09,016,Miguel Hidalgo,09016,FE,FE,FE,FE,FE,FE,FE,FE,99187,RH,RH,FE,99187
SALESIANO,101,481404,2150143,379,09,016,Miguel Hidalgo,09016,146534,144634,128218,151114,28512,RH,RH,RH,RH,RH,RH,65318,664330
SAN BORJA,102,#N/A,#N/A,#N/A,#N/A,#N/A,#N/A,#N/A,RE,RE,RE,RE,RE,RE,RE,RE,RH,RE,RE,RE,0
SAN FELIPE POPOTLA,103,481648,2151031,380,09,016,Miguel Hidalgo,09016,163123,187488,108864,128304,155520,125798,168653,160704,RE,157594,163382,145152,1664582
SAN JOAQUIN TACUBA,104,478238,2150738,386,09,016,Miguel Hidalgo,09016,124416,158026,120960,153965,152928,116122,107827,141955,157248,138240,149990,125798,1647475
TACUBA,105,480210,2151387,459,09,016,Miguel Hidalgo,09016,80179,80352,70157,82685,54432,26611,13824,13392,133056,49766,66960,43546,714960
TIZAPAN,106,478906,2138404,497,09,010,?ülvaro Obreg??n,09010,163123,163382,135475,159667,132192,120960,141005,141955,4838,124416,128563,128218,1543795
VERONICA ,107,481682,2148727,555,09,016,Miguel Hidalgo,09016,160358,179453,154829,185328,173664,162086,185242,160704,123379,146534,174096,142733,1948406
VIADUCTO ,108,481343,2144628,556,09,014,Benito Ju?írez,09014,94003,88387,94349,122602,80352,96768,52531,56246,128218,60826,34819,41126,950227
VISTA ALEGRE,109,#N/A,#N/A,#N/A,#N/A,#N/A,#N/A,#N/A,RE,RE,RE,RE,RE,RE,RE,RE,43546,RE,RE,RE,43546
ACOXPA #31,110,485192,2133795,5,09,012,Tlalpan,09012,27648,42854,21773,88387,44064,41126,60826,58925,53222,60826,80352,72576,652579
ACOXPA #32,111,485455,2133735,6,09,012,Tlalpan,09012,235008,230342,210470,248054,222912,208051,235008,230342,208051,237773,203558,183859,2653430
AJUSCO,112,483445,2136071,14,09,003,Coyoac?ín,09003,116122,128563,101606,119750,103680,96768,110592,107136,116122,132710,128563,116122,1377734
ALTILLO UNIVERSIDAD,113,481103,2138473,23,09,003,Coyoac?ín,09003,49766,53568,43546,51322,46656,43546,49766,48211,43546,49766,48211,43546,571450
BOSQUES DE TETLALMEYA,114,484033,2133858,90,09,003,Coyoac?ín,09003,129946,128563,113702,134006,121824,104026,118886,115171,33869,38707,37498,33869,1110067
CARACOL,115,482972,2134511,96,09,003,Coyoac?ín,09003,80179,88387,70157,82685,75168,70157,71885,69638,21773,24883,24106,21773,700790
CEDRAL,116,488152,2135509,103,09,003,Coyoac?ín,09003,135475,133920,118541,139709,127008,118541,135475,131242,118541,135475,131242,118541,1543709
COLONIA DEL CARMEN FRAGATA ,117,483260,2139989,127,09,003,Coyoac?ín,09003,113357,112493,99187,116899,119232,108864,124416,123206,111283,127181,123206,111283,1390608
COPILCO UNIVERSIDAD,118,480690,2137954,128,09,003,Coyoac?ín,09003,27648,32141,24192,25661,FE,FE,FE,RH,RH,RH,18749,50803,179194
COUNTRY CLUB,119,485226,2139758,129,09,003,Coyoac?ín,09003,41472,42854,36288,42768,38880,36288,41472,40176,36288,41472,40176,36288,474422
DEPORTIVO CANTIL,120,483864,2138082,133,09,003,Coyoac?ín,09003,138240,141955,120960,142560,129600,120960,138240,133920,120960,138240,133920,120960,1580515
DEPORTIVO DURANGO ,121,483374,2135359,134,09,003,Coyoac?ín,09003,RE,50890,74995,76982,132192,120960,138240,133920,36288,41472,42854,145152,993946
DIRECTO #18,122,489804,2135343,140,09,013,Xochimilco,09013,143770,149990,125798,148262,139968,130637,135475,131242,130637,149299,144634,130637,1660349
DIRECTO #19,123,481368,2134327,141,09,012,Tlalpan,09012,69120,69638,55642,65578,59616,55642,66355,64282,58061,66355,66960,60480,757728
DIRECTO #20-B ,124,480015,2134312,142,09,003,Coyoac?ín,09003,251597,249091,215309,253757,233280,217728,254362,246413,222566,254362,251770,227405,2877638
DIRECTO #21,125,479873,2134178,143,09,012,Tlalpan,09012,102298,109814,87091,102643,93312,55642,RH,RH,RH,RH,53568,87091,691459
DIRECTO #24,126,482128,2135810,145,09,003,Coyoac?ín,09003,116122,133920,94349,111197,101088,94349,102298,99101,82253,94003,32141,RH,1060819
DIRECTO #25,127,483719,2134751,146,09,003,Coyoac?ín,09003,RH,37498,65318,76982,51840,48384,99533,96422,89510,102298,104458,94349,866592
EDUCACION #1,128,485357,2138170,147,09,003,Coyoac?ín,09003,69120,74995,60480,71280,82944,77414,88474,85709,77414,88474,93744,84672,954720
EDUCACION #2 (N) ,129,486192,2137920,148,09,003,Coyoac?ín,09003,52531,58925,45965,54173,49248,45965,52531,50890,16934,FE,FE,FE,427162
HUIPULCO ,130,485681,2132491,176,09,012,Tlalpan,09012,RE,RE,RE,RE,RE,RE,RE,RE,48384,88474,85709,77414,299981
ISSSTE COAPA #1,131,487057,2133526,179,09,012,Tlalpan,09012,138240,152669,120960,142560,124416,116122,141005,136598,123379,141005,144634,130637,1612224
ISSSTE COAPA #2,132,488733,2133590,180,09,012,Tlalpan,09012,77414,61603,50803,59875,80352,74995,88474,85709,77414,88474,85709,77414,908237
ISSSTE COAPA #3,133,487084,2134763,181,09,003,Coyoac?ín,09003,107827,96422,74995,88387,80352,74995,91238,88387,82253,94003,96422,87091,1062374
ISSSTE COAPA #4,134,487494,2135343,182,09,003,Coyoac?ín,09003,80179,190166,159667,188179,171072,159667,182477,176774,159667,182477,176774,159667,1986768
LA CIENEGA,135,483898,2137741,205,09,003,Coyoac?ín,09003,71885,77674,62899,74131,69984,65318,74650,72317,65318,71885,69638,62899,838598
LOS COYOTES ,136,487314,2135852,214,09,003,Coyoac?ín,09003,5530,0,4838,5702,5184,4838,5530,8035,7258,8294,8035,7258,70502
LOS REYES COYOACAN,137,483778,2138641,215,09,003,Coyoac?ín,09003,49766,37498,24192,28512,28512,26611,30413,29462,26611,30413,34819,31450,378259
METRO C.U.,138,481622,2136504,223,09,003,Coyoac?ín,09003,27648,29462,24192,28512,25920,24192,22118,13392,24192,16589,24106,21773,282096
MULTIF. COAPA #7 ,139,486679,2133212,233,09,012,Tlalpan,09012,85709,83030,50803,59875,54432,50803,52531,50890,33869,41472,45533,41126,650074
MULTIF. COAPA #8 ,140,487734,2132727,234,09,013,Xochimilco,09013,138240,147312,120960,142560,129600,120960,138240,133920,120960,138240,133920,120960,1585872
NAHUATLACAS ,141,483445,2136059,235,09,003,Coyoac?ín,09003,135475,147312,104026,139709,116640,108864,124416,120528,104026,118886,115171,104026,1439078
PASEOS DE TAXQUENA,142,486893,2138915,273,09,003,Coyoac?ín,09003,55296,61603,48384,74131,64800,60480,60826,64282,53222,52531,FE,FE,595555
PEDREGAL DE CARRASCO ,143,482587,2134705,276,09,003,Coyoac?ín,09003,69120,66960,55642,54173,51840,48384,49766,48211,157248,179712,171418,154829,1107302
PEDREGAL DE SAN FRANCISCO,144,482687,2138340,277,09,003,Coyoac?ín,09003,DC,DC,DC,DC,DC,DC,DC,DC,DC,DC,DC,DC,0
PEDREGAL DE SANTO DOMINGO,145,482109,2136073,278,09,003,Coyoac?ín,09003,80179,80352,70157,82685,93312,87091,94003,91066,84672,96768,101779,91930,1053994
PEDREGAL IMAN,146,481901,2135103,279,09,003,Coyoac?ín,09003,141005,149990,123379,145411,132192,123379,141005,136598,123379,96768,93744,84672,1491523
PERIFERICO #1,147,485573,2136312,293,09,003,Coyoac?ín,09003,RE,93744,133056,156816,142560,133056,152064,147312,133056,152064,128563,116122,1488413
PERIFERICO #2,148,486493,2134490,304,09,012,Tlalpan,09012,82944,91066,72576,85536,77760,72576,82944,80352,72576,82944,88387,79834,969494
PERIFERICO #3,149,484822,2133935,305,09,012,Tlalpan,09012,44237,72317,58061,68429,49248,45965,52531,53568,48384,55296,50890,45965,644890
PERIFERICO #4,150,484272,2133665,306,09,012,Tlalpan,09012,77414,85709,67738,79834,72576,67738,77414,74995,67738,77414,117850,106445,972864
PERIFERICO #6,151,484192,2132586,308,09,012,Tlalpan,09012, ,5357, , , , , , , , , , ,5357
PERIFERICO #10,152,486333,2132216,294,09,013,Xochimilco,09013,113357,101779,65318,79834,72576,67738,77414,56246,53222,55296,58925,53222,854928
PERIFERICO #11,153,488634,2132855,295,09,013,Xochimilco,09013,138240,136598,120960,142560,129600,120960,138240,133920,123379,141005,21427,91930,1438819
PERIFERICO #12,154,488153,2133115,296,09,012,Tlalpan,09012,138240,147312,120960,125453,FE,FE,FE,85709,130637,149299,155347,140314,1193270
PERIFERICO #13,155,486343,2136134,297,09,003,Coyoac?ín,09003,RE,RE,RE,RE,RE,RE,RE,RE,RE,RE,RE,RE,0
PERIFERICO #14,156,488083,2134134,298,09,003,Coyoac?ín,09003,143770,131242,84672,99792,90720,84672,96768,93744,84672,96768,93744,84672,1185235
PERIFERICO #15,157,485969,2135229,299,09,003,Coyoac?ín,09003,69120,74995,60480,71280,64800,60480,69120,66960,53222,63590,64282,58061,776390
PERIFERICO #16,158,489444,2134015,300,09,013,Xochimilco,09013,RE,RE,RE,65578,119232,29030,RH,RH,RH,RH,40176,65318,319334
PERIFERICO #17,159,489484,2134564,301,09,013,Xochimilco,09013,RE,RE,RE,RE,RE,RE,RE,RE,RE,RE,16070,101606,117677
PERIFERICO #19,160,488874,2136877,303,09,003,Coyoac?ín,09003,55296,61603,48384,57024,51840,48384,55296,34819,FE,FE,FE,FE,412646
POZO 20 DE AGOSTO ,161,487195,2138577,318,09,003,Coyoac?ín,09003,19354,21427,16934,19958,18144,16934,19354,18749,16934,19354,24106,21773,233021
PRADOS CHURUBUSCO ,162,486699,2140007,320,09,003,Coyoac?ín,09003,152064,166061,133056,156816,142560,133056,152064,147312,133056,152064,147312,133056,1748477
PREPARATORIA #5 (N) ,163,#N/A,#N/A,#N/A,#N/A,#N/A,#N/A,#N/A,RE,RE,RE,RE,RE,RE,RE,RE,RE,RE,RE,RE,0
REY MOCTEZUMA,164,483541,2137081,360,09,003,Coyoac?ín,09003,152064,166061,133056,156816,147744,137894,157594,152669,137894,143770,45533,RH,1531094
ROMERO DE TERREROS,165,482187,2138640,364,09,003,Coyoac?ín,09003,154829,163382,135475,159667,155520,145152,165888,160704,145152,165888,147312,133056,1832026
RUIZ CORTINEZ,166,484853,2136072,365,09,003,Coyoac?ín,09003,113357,115171,99187,116899,106272,99187,113357,109814,99187,113357,109814,99187,1294790
SAN FRANCISCO CULHUACAN ,167,487793,2137344,382,09,003,Coyoac?ín,09003,113357,112493,99187,116899,106272,99187,113357,109814,99187,113357,109814,99187,1292112
SAN NICOLAS TOLENTINO,168,485838,2133075,418,09,012,Tlalpan,09012,157594,171418,137894,162518,147744,137894,157594,152669,137894,157594,120528,108864,1750205
SANTA URSULA,169,483587,2135232,448,09,003,Coyoac?ín,09003,301363,297302,261274,305078,277344,261274,298598,56246,179021,210125,203558,183859,2835043
SANTA URSULA COAPA,170,483956,2134956,449,09,003,Coyoac?ín,09003,58061,56246,48384,57024,51840,48384,55296,56246,84672,96768,93744,84672,791338
TERRANOVA,171,480277,2137821,495,09,003,Coyoac?ín,09003,127181,141955,116122,136858,116640,108864,129946,125885,111283,127181,123206,111283,1476403
UNIVERSIDAD SANTA CATARINA ,172,#N/A,#N/A,#N/A,#N/A,#N/A,#N/A,#N/A,35942,40176,31450,37066,33696,31450,35942,34819,31450,35942,34819,31450,414202
VILLA OLIMPICA #1,173,480489,2134541,563,09,003,Coyoac?ín,09003,107827,115171,94349,111197,101088,94349,107827,104458,94349,107827,104458,94349,1237248
VIVEROS DEL RELOJ #1,174,485383,2135593,568,09,003,Coyoac?ín,09003,154829,152669,133056,159667,142560,135475,152064,147312,128218,146534,141955,128218,1722557
VIVEROS DEL RELOJ #2,175,485353,2136042,569,09,003,Coyoac?ín,09003,107827,115171,94349,111197,101088,94349,107827,104458,94349,107827,104458,94349,1237248
ZAPATA #17 ,176,482186,2134254,576,09,012,Tlalpan,09012,41472,45533,36288,42768,38880,36288,41472,40176,36288,41472,40176,33869,474682
ZAPOTECAS,177,483267,2136640,577,09,003,Coyoac?ín,09003,19354,8035,7258,8554,7776,7258,5530,5357,4838,5530,5357,4838,89683
TULYEHUALCO SUR #1 ,178,489324,2133515,512,09,012,Tlalpan,09012,RE,176602,227664,205632,188179,176774,208915,215654,170381,188006,171072,165370,2094250
TULYEHUALCO SUR #2 ,179,488938,2133322,517,09,012,Tlalpan,09012,159667,118541,18749,RH,RH,RH,RH,RH,RH,RH,64800,140314,502070
TULYEHUALCO SUR #3 ,180,488153,2133115,519,09,012,Tlalpan,09012,96941,77414,74995,50803,RH,RH,RH,60826,92707,138240,114048,110246,816221
TULYEHUALCO SUR #4 ,181,487881,2132804,525,09,013,Xochimilco,09013,156816,147571,147312,133056,139709,131242,141955,146534,117763,129946,119232,115258,1626394
TULYEHUALCO SUR #5 ,182,487503,2132636,526,09,013,Xochimilco,09013,185328,159667,171418,157248,168221,158026,163382,168653,152842,165888,163296,155347,1969315
TULYEHUALCO SUR #6 ,183,487208,2132493,527,09,013,Xochimilco,09013,79834,152410,168739,152410,179626,187488,198202,182477,137808,129946,196992,190426,1956355
TULYEHUALCO SUR #7 ,184,486933,2132236,528,09,013,Xochimilco,09013,242352,208051,224986,200794,230947,216950,219629,229478,205459,229478,194400,187920,2590445
TULYEHUALCO SUR #8 ,185,486105,2132113,529,09,013,Xochimilco,09013,91238,87091,85709,77414,91238,85709,77674,80179,65146,82944,77760,75168,977270
TULYEHUALCO SUR #9 ,186,485351,2132095,530,09,012,Tlalpan,09012,76982,72576,72317,65318,116899,109814,115171,118886,105235,80179,108864,105235,1147478
TULYEHUALCO SUR #10 ,187,486333,2132216,513,09,013,Xochimilco,09013,125453,118541,117850,106445,57024,53568,58925,60826,55123,60826,59616,57629,931824
TULYEHUALCO SUR #11 ,188,484473,2132617,514,09,012,Tlalpan,09012,122602,116122,109814,113702,128304,120528,120528,124416,110246,121651,116640,112752,1417306
TULYEHUALCO SUR #12 ,189,484107,2133070,515,09,012,Tlalpan,09012,111197,108864,107136,96768,119750,112493,109814,113357,100224,96768,103680,100224,1280275
TULYEHUALCO SUR #13 ,190,486343,2136109,516,09,003,Coyoac?ín,09003,25661,12096,RE,RH,RH,RH,RH,RH,RH,11059,20736,20045,89597
TULYEHUALCO SUR #23 ,191,489609,2135481,518,09,013,Xochimilco,09013,151114,140314,139277,125798,156816,147312,115171,107827,102730,113357,103680,100224,1503619
TULYEHUALCO SUR #33 ,192,489692,2133900,520,09,013,Xochimilco,09013,85536,77414,77674,70157,74131,69638,80352,82944,57629,82944,80352,77674,916445
TULYEHUALCO SUR #34 ,193,489568,2136213,521,09,013,Xochimilco,09013,119750,113702,112493,101606,108346,101779,101779,105062,90202,99533,88128,85190,1227571
TULYEHUALCO SUR #35 ,194,489834,2135709,522,09,013,Xochimilco,09013,91238,87091,85709,77414,91238,85709,88387,91238,87696,96768,90720,87696,1060906
TULYEHUALCO SUR #36 ,195,484773,2132258,523,09,012,Tlalpan,09012,173923,157248,168739,154829,176774,163382,163382,168653,155347,174182,163296,160358,1980115
TULYEHUALCO SUR #38 ,196,489569,2136221,524,09,013,Xochimilco,09013,39917,45965,45533,41126,25661,24106,26784,27648,30067,24883,7776,30067,369533
TULYEHUALCO SUR #1 ,197,489324,2133515,512,09,012,Tlalpan,09012,RE,135960,170889,169509,149121,146642,169689,195802,170389,178996,158753,146772,1792522
TULYEHUALCO SUR #2 ,198,488938,2133322,517,09,012,Tlalpan,09012,129101,91261,14073,RH,RH,RH,RH,RH,RH,RH,60134,124534,419103
TULYEHUALCO SUR #3 ,199,488153,2133115,519,09,012,Tlalpan,09012,78383,59599,56293,41879,RH,RH,RH,55226,92712,131615,105835,97848,719389
TULYEHUALCO SUR #4 ,200,487881,2132804,525,09,013,Xochimilco,09013,126796,113611,110576,109682,110711,108871,115301,133045,117769,123718,110646,102295,1383020
TULYEHUALCO SUR #5 ,201,487503,2132636,526,09,013,Xochimilco,09013,149850,122923,128670,129624,133305,131089,132705,153127,152849,157938,151537,137876,1681494
TULYEHUALCO SUR #6 ,202,487208,2132493,527,09,013,Xochimilco,09013,64551,117335,126659,125636,142343,155530,160987,165678,137815,123718,182806,169010,1672068
TULYEHUALCO SUR #7 ,203,486933,2132236,528,09,013,Xochimilco,09013,195957,160172,168879,165520,183012,179970,178391,208353,205469,218481,180401,166786,2211392
TULYEHUALCO SUR #8 ,204,486105,2132113,529,09,013,Xochimilco,09013,73772,67049,64335,63815,72301,71099,63089,72798,65149,78969,72160,66714,831251
TULYEHUALCO SUR #9 ,205,485351,2132095,530,09,012,Tlalpan,09012,62245,55874,54283,53844,92636,91096,93546,107942,105240,76337,101024,93400,987468
TULYEHUALCO SUR #10 ,206,486333,2132216,513,09,013,Xochimilco,09013,101437,91261,88460,87746,45188,44437,47861,55226,55126,57911,55323,51148,781123
NORMANDIA,207,485856,2141928,247,09,007,Iztapalapa,09007,99131,89398,82429,93728,101674,99983,97897,112963,110252,115821,108240,100072,1211589
TULYEHUALCO SUR #12 ,208,484107,2133070,515,09,012,Tlalpan,09012,89910,83811,80419,79769,94895,93318,89195,102921,100229,92131,96214,88953,1091764
TULYEHUALCO SUR #13 ,209,486343,2136109,516,09,003,Coyoac?ín,09003,20748,9312,RE,RH,RH,RH,RH,RH,RH,10529,19243,17791,77623
TULYEHUALCO SUR #23 ,210,489609,2135481,518,09,013,Xochimilco,09013,122185,108023,104544,103699,124268,122202,93546,97901,102735,107924,96214,88953,1272194
TULYEHUALCO SUR #33 ,211,489692,2133900,520,09,013,Xochimilco,09013,69161,59599,58303,57832,58745,57768,65265,75308,57632,78969,74566,68938,782087
TULYEHUALCO SUR #34 ,212,489568,2136213,521,09,013,Xochimilco,09013,96826,87536,84440,83757,85858,84430,82669,95391,90206,94763,81782,75610,1043266
TULYEHUALCO SUR #35 ,213,489834,2135709,522,09,013,Xochimilco,09013,73772,67049,64335,63815,72301,71099,71791,82839,87700,92131,84187,77833,908853
TULYEHUALCO SUR #36 ,214,484773,2132258,523,09,012,Tlalpan,09012,140628,121060,126659,127630,140083,135533,132705,153127,155355,165835,151537,142324,1692477
TULYEHUALCO SUR #38 ,215,489569,2136221,524,09,013,Xochimilco,09013,32275,35387,34178,33902,20335,19997,21755,25103,30069,23691,7216,26686,310592
XOCHIMILCO #28 ,216,484437,2133089,570,09,012,Tlalpan,09012,76982,72576,77674,70157,79834,74995,74995,77414,70157,77414,72576,70157,894931
XOCHIMILCO #29 ,217,484599,2133433,571,09,012,Tlalpan,09012,57024,55642,56246,50803,59875,56246,56246,58061,52618,58061,51840,50112,662774
XOCHIMILCO #30 ,218,484641,2133825,572,09,012,Tlalpan,09012,142560,135475,136598,123379,153965,144634,131242,135475,122774,135475,127008,122774,1611360
ZAPATA #14 ,219,488083,2134134,573,09,003,Coyoac?ín,09003,119750,113702,112493,101606,119750,112493,112493,116122,105235,116122,95904,92707,1318378
ZAPATA #15 ,220,483077,2134102,574,09,012,Tlalpan,09012,34214,33869,32141,29030,34214,24106,32141,33178,30067,33178,31104,30067,377309
ZAPATA #16 ,221,489444,2134015,575,09,013,Xochimilco,09013,2851,2419,2678,2419,2851,2678,RE,RE,RE,RH,RE,RE,15898
XOCHIMILCO #28 ,222,484437,2133089,570,09,012,Tlalpan,09012,85373,77160,54577,55017,59627,59876,60673,64203,46796,71577,63737,57036,755652
XOCHIMILCO #29 ,223,484599,2133433,571,09,012,Tlalpan,09012,63239,59156,39521,39840,44720,44907,45505,48153,35097,53683,45526,40740,560087
XOCHIMILCO #30 ,224,484641,2133825,572,09,012,Tlalpan,09012,158098,144032,95980,96755,114994,115475,106178,112356,81893,125260,111540,99814,1362373
ZAPATA #14 ,225,488083,2134134,573,09,003,Coyoac?ín,09003,132802,120884,79042,79680,89440,89814,91009,96305,70194,107366,84224,75370,1116129
ZAPATA #15 ,226,483077,2134102,574,09,012,Tlalpan,09012,37944,36008,22584,22766,25554,19246,26003,27516,20055,30676,27316,24444,320110
ZAPATA #16 ,227,489444,2134015,575,09,013,Xochimilco,09013,3162,2572,1882,1897,2130,2138,RE,RE,RE,RH,RE,RE,13781
ARENAL,228,485285,2131689,37,09,013,Xochimilco,09013,135475,133920,120960,136858,116640,106445,121651,117850,116122,129946,128563,113702,1478131
ARTESANIAS O VILLA OLIMPICA,229,480679,2133319,40,09,012,Tlalpan,09012,RH,RH,RH,RH,RH,RH,RH,RH,36288,69120,66960,60480,232848
BATAM ,230,477520,2137686,85,09,008,La Magdalena Contreras,09008,8294,16070,4838,5702,5184,4838,5530,5357,4838,5530,5357,4838,76378
BELISARIO DOMINGUEZ,231,481265,2133300,86,09,012,Tlalpan,09012,RH,RH,RH,0,0,0,30413,53568,50803,19354,13392,62899,230429
BOSQUE TLALPAN #1,232,479688,2133363,88,09,012,Tlalpan,09012,RH,RH,RH,RH,RH,RH,RH,RH,RH,RH,RH,RH,0
BOSQUE TLALPAN #2,233,479648,2133076,89,09,012,Tlalpan,09012,22118,24106,12096,14256,15552,14515,11059,10714,9677,11059,10714,9677,165542
CANAL #13,234,478437,2134424,95,09,012,Tlalpan,09012,91238,96422,74995,96941,77760,89510,99533,96422,72576,16589,FE,FE,811987
CLUB DE GOLF #1,235,483400,2131600,122,09,012,Tlalpan,09012,RE,RE,RE,RE,RE,RE,RE,RE,RE,RE,RE,RE,0
CLUB DE GOLF #2 ,236,483400,2131600,123,09,012,Tlalpan,09012,PA,PA,PA,PA,PA,PA,PA,PA,PA,PA,PA,PA,0
CLUB DE GOLF #3 ,237,483400,2131600,124,09,012,Tlalpan,09012,PA,PA,PA,PA,PA,PA,2765,FE,FE,FE,FE,FE,2765
CLUB DE GOLF #4 ,238,483400,2131600,125,09,012,Tlalpan,09012,27648,26784,16934,19958,18144,16934,13824,18749,16934,19354,18749,16934,230947
DALIAS,239,481889,2141303,132,09,014,Benito Ju?írez,09014,38707,42854,50803,31363,33696,29030,19354,21427,24192,19354,40176,29030,379987
DEPORTIVO VIVANCO ,240,483427,2139343,137,09,003,Coyoac?ín,09003,55296,48211,55642,62726,57024,53222,58061,32141,45965,38707,42854,38707,588557
DEPORTIVO XOCHITL ,241,481054,2132826,138,09,012,Tlalpan,09012,55296,58925,50803,62726,54432,53222,60826,58925,50803,58061,56246,53222,673488
EL CAMINERO ,242,481103,2138473,150,09,003,Coyoac?ín,09003,88474,107136,79834,108346,80352,65318,82944,101779,87091,63590,96422,91930,1053216
EL TREBOL,243,482401,2131586,151,09,012,Tlalpan,09012,107827,117850,104026,102643,111456,101606,118886,117850,106445,121651,99101,89510,1298851
EL ZAPOTE,244,481267,2133874,152,09,012,Tlalpan,09012,16589,26784,9677,11405,10368,9677,52531,128563,116122,135475,117850,106445,741485
FOVISSSTE,245,480685,2132104,156,09,012,Tlalpan,09012,47002,58925,43546,48470,44064,45965,52531,40176,31450,38707,37498,21773,510106
FUENTES BROTANTES #1,246,481550,2132467,159,09,012,Tlalpan,09012,16589,16070,9677,11405,10368,9677,11059,10714,9677,11059,10714,9677,136685
FUENTES BROTANTES #2,247,481296,2132279,160,09,012,Tlalpan,09012,33178,32141,19354,22810,20736,19354,22118,21427,19354,22118,21427,19354,273370
FUENTES DEL PEDREGAL ,248,476178,2134095,161,09,012,Tlalpan,09012,PA,PA,PA,PA,PA,PA,PA,PA,PA,PA,PA,PA,0
GALEANA TLALPAN,249,482632,2132332,162,09,012,Tlalpan,09012,8294,10714,4838,5702,5184,4838,5530,5357,4838,41472,2678,2419,101866
HIDALGO TLALPAN,250,480912,2132969,172,09,012,Tlalpan,09012,88474,96422,89510,102643,93312,84672,91238,42854,FE,22118,66960,60480,838685
ISSFAM,251,483120,2131330,178,09,012,Tlalpan,09012,77414,104458,96768,116899,93312,87091,91238,91066,91930,102298,104458,94349,1151280
JARDIN DE LA MONTANA #1,252,479273,2133860,191,09,012,Tlalpan,09012,RE,2678,RE,RE,RE,RE,RE,RE,RE,RE,RE,RE,2678
JARDIN DE LA MONTANA #2,253,478378,2133978,192,09,012,Tlalpan,09012,30413,34819,19354,22810,20736,19354,22118,21427,19354,22118,21427,19354,273283
LIMANTITLA,254,481534,2132038,211,09,012,Tlalpan,09012,63590,61603,38707,42768,38880,36288,41472,40176,36288,41472,40176,36288,517709
#37,255,483038,2133008,1,09,012,Tlalpan,09012,41472,83030,70157,91238,88128,67738,88474,74995,58061,74650,99101,89510,926554
PADIERNA #1,256,476778,2134389,255,09,012,Tlalpan,09012,RH,RH,RH,RH,RH,RH,RH,RH,RH,RH,RH,RH,0
PADIERNA #2,257,476720,2134847,256,09,012,Tlalpan,09012,RE,RE,RE,RE,RE,RE,RE,RE,RE,RE,RE,RE,0
PADIERNA #3,258,477226,2134706,257,09,012,Tlalpan,09012,58061,88387,70157,88387,44064,50803,58061,53568,43546,52531,37498,41126,686189
PADIERNA #4,259,476884,2135388,258,09,008,La Magdalena Contreras,09008,PA,PA,PA,PA,5184,19354,30413,21427,45965,33178,50890,53222,259632
PADIERNA #5,260,477814,2133790,259,09,012,Tlalpan,09012,99533,104458,79834,88387,77760,74995,80179,74995,82253,91238,88387,87091,1029110
PADIERNA PICACHO,261,476943,2133837,260,09,012,Tlalpan,09012,13824,21427,9677,11405,10368,9677,11059,10714,9677,11059,10714,9677,139277
PEDREGAL #2,262,478376,2140393,274,09,010,?ülvaro Obreg??n,09010,33178,61603,36288,42768,38880,36288,30413,8035,19354,16589,18749,12096,354240
PEDREGAL AGUILAS,263,482211,2130826,275,09,012,Tlalpan,09012,35942,37498,16934,19958,20736,19354,47002,50890,45965,63590,69638,53222,480730
PENA POBRE,264,479896,2133084,280,09,012,Tlalpan,09012,55296,56246,31450,37066,31104,29030,38707,37498,29030,33178,32141,29030,439776
PENA POBRE #2,265,480997,2133774,281,09,012,Tlalpan,09012,RH,RH,RH,RH,RH,RH,RH,RH,RH,RH,RH,RH,0
PERIFERICO #5,266,483200,2133848,307,09,012,Tlalpan,09012,129946,171418,130637,156816,176256,186278,171418,182131,200794,204595,152669,157248,2020205
PERIFERICO #6,267,484192,2132586,308,09,012,Tlalpan,09012,RE,RE,RE,RE,RE,RE,RE,RE,RE,RE,40176,36288,76464
PERIFERICO #7,268,483602,2132446,309,09,012,Tlalpan,09012,94003,93744,84672,99792,88128,84672,91238,91066,82253,96768,91066,84672,1082074
R-1,269,483430,2130663,333,09,012,Tlalpan,09012,RN,RN,RN,RN,RN,RN,RN,RN,RN,RN,RN,RN,0
R-2,270,483177,2130602,338,09,012,Tlalpan,09012,71885,72317,58061,71280,44064,62899,60826,56246,60480,71885,83030,74995,787968
R-3,271,483552,2130452,346,09,012,Tlalpan,09012,74650,77674,RH,RH,7776,RH,RH,16070,21773,22118,74995,67738,362794
R-4,272,483815,2130811,347,09,012,Tlalpan,09012,171418,166061,137894,168221,142560,149990,168653,166061,135475,171418,166061,149990,1893802
R-5,273,484339,2131154,348,09,012,Tlalpan,09012,88474,88387,77414,88387,82944,79834,85709,85709,77414,91238,85709,77414,1008634
R-6,274,485210,2132061,349,09,013,Xochimilco,09013,33178,34819,31450,37066,23328,29030,33178,26784,29030,33178,21427,26611,359078
R-7,275,484935,2131404,350,09,012,Tlalpan,09012,RE,RE,RE,RE,RE,RE,RE,RE,RE,RE,RE,RE,0
R-8,276,484693,2131234,351,09,012,Tlalpan,09012,16589,18749,9677,11405,10368,9677,11059,10714,9677,11059,13392,12096,144461
R-9,277,484129,2130853,352,09,012,Tlalpan,09012,82944,83030,72576,85536,77760,74995,82944,80352,74995,85709,80352,72576,953770
R-10,278,483792,2130536,334,09,012,Tlalpan,09012,RN,RN,RN,RN,RN,RN,RN,RN,RN,RN,RN,RN,0
REINO AVENTURA ,279,477889,2133563,358,09,012,Tlalpan,09012,PA,PA,PA,PA,PA,PA,PA,PA,PA,PA,PA,PA,0
SAN FERNANDO TLALPAN ,280,481638,2133393,381,09,012,Tlalpan,09012,163123,168739,152410,171072,145152,149990,163123,163382,135475,160358,158026,142733,1873584
SAN JERONIMO #3 (ANZALDO) ,281,476723,2136300,385,09,008,La Magdalena Contreras,09008,RE,RE,RE,RE,RE,RE,RE,RE,RE,RE,RE,RE,0
SAN PEDRO MARTIR #1,282,483072,2129627,420,09,012,Tlalpan,09012,88474,96422,79834,91238,88128,84672,91238,80352,70157,71885,77674,79834,999907
SAN RAMON,283,477947,2137711,423,09,008,La Magdalena Contreras,09008,27648,45533,43546,45619,28512,31450,38707,21427,31450,38707,37498,24192,414288
SUR #27 BIS ,284,483401,2133291,458,09,012,Tlalpan,09012,74650,66960,43546,51322,46656,38707,41472,40176,41126,47002,45533,41126,578275
TLALCOLIGIA ,285,481921,2130816,499,09,012,Tlalpan,09012,5530,5357,4838,2851,5184,7258,5530,5357,4838,5530,5357,4838,62467
TOPILEJO ,286,486705,2123955,500,09,013,Xochimilco,09013,RE,RE,RE,RE,RE,RE,RE,RE,RE,RE,RE,RE,0
TORIELLO ,287,483222,2133095,501,09,012,Tlalpan,09012,FE,FE,RH,RH,RH,RH,RH,RH,7258,60826,85709,79834,233626
VIADUCTO TLALPAN #1,288,483438,2132139,557,09,012,Tlalpan,09012,127181,141955,118541,142560,82944,79834,96768,93744,87091,99533,96422,82253,1248826
VIADUCTO TLALPAN #2,289,483032,2131706,558,09,012,Tlalpan,09012,35942,40176,21773,25661,23328,21773,55296,101779,91930,107827,101779,87091,714355
VILLA OLIMPICA #2,290,480443,2134197,564,09,012,Tlalpan,09012,RN,RN,RN,RN,RN,RN,RN,RN,RN,RN,RN,RN,0
VILLA OLIMPICA #3,291,479950,2133465,565,09,012,Tlalpan,09012,PA,PA,PA,PA,PA,PA,PA,PA,PA,PA,PA,PA,0
MIRADOR #1,292,494077,2127688,225,09,013,Xochimilco,09013,55296,66960,55642,68429,62208,65318,74650,72317,65318,74650,74995,67738,803520
MIRADOR #2,293,494205,2127862,226,09,013,Xochimilco,09013,52531,29462,24192,28512,20736,16934,19354,18749,16934,19354,18749,16934,282442
MIRADOR #3,294,494228,2127235,227,09,013,Xochimilco,09013,44237,53568,45965,54173,51840,55642,60826,58925,53222,60826,61603,53222,654048
MONTE SUR #1 ,295,#N/A,#N/A,#N/A,#N/A,#N/A,#N/A,#N/A,71885,69638,65318,76982,62208,62899,69120,66960,67738,80179,50890,50803,794621
MONTE SUR #2 ,296,487741,2125198,232,09,013,Xochimilco,09013,13824,13392,9677,11405,10368,9677,11059,10714,9677,8294,53568,45965,207619
NATIVITAS #1 ,297,489958,2127340,237,09,013,Xochimilco,09013,RN,RN,RN,RN,RN,RN,RN,RN,RN,RN,RN,RN,0
NATIVITAS #2 ,298,490330,2126433,238,09,013,Xochimilco,09013,174182,190166,166925,202435,178848,162086,182477,176774,166925,190771,163382,130637,2085610
NATIVITAS #3 ,299,490458,2126770,239,09,013,Xochimilco,09013,135475,115171,108864,122602,124416,130637,127181,120528,96768,96768,112493,106445,1397347
NORIA #1,300,486562,2130782,240,09,013,Xochimilco,09013,107827,104458,94349,111197,101088,94349,107827,104458,94349,107827,101779,91930,1221437
NORIA #2,301,487133,2129237,241,09,013,Xochimilco,09013,85709,112493,96768,111197,103680,94349,110592,104458,96768,107827,107136,84672,1215648
NORIA #3,302,487635,2129008,242,09,013,Xochimilco,09013,33178,34819,29030,34214,31104,29030,33178,32141,29030,33178,32141,29030,380074
NORIA #4,303,487975,2128974,243,09,013,Xochimilco,09013,193536,227664,195955,233798,215136,188698,235008,227664,203213,237773,206237,164506,2529187
NORIA #6,304,488178,2127972,245,09,013,Xochimilco,09013,RE,RE,RE,RE,RE,RE,RE,RE,RE,RE,RE,RE,0
NORIA #7,305,489421,2127836,246,09,013,Xochimilco,09013,RE,RE,RE,RE,RE,RE,RE,RE,RE,RE,RE,RE,0
SAN LUIS TLAXIALTEMALCO,306,496162,2128409,414,09,013,Xochimilco,09013,176947,171418,142733,165370,152928,152410,174182,149990,145152,160358,163382,145152,1900022
PANTEON SAN LUCAS XOCHIMANCA,307,488329,2126886,269,09,013,Xochimilco,09013,141005,139277,120960,131155,64800,RH,RH,RH,RH,RH,RH,RH,597197
PERIFERICO #09 ,308,#N/A,#N/A,#N/A,#N/A,#N/A,#N/A,#N/A,24883,37498,33869,39917,36288,31450,35942,34819,24192,30413,32141,29030,390442
PERIFERICO #8,309,483602,2132446,310,09,012,Tlalpan,09012,99533,109814,87091,102643,93312,104026,88474,88387,79834,74650,85709,87091,1100563
PISTA OLIMPICA #1,310,489138,2132973,314,09,013,Xochimilco,09013,8294,10714,7258,8554,7776,7258,8294,8035,7258,8294,8035,7258,97027
RECLUSORIO SUR #1,311,487085,2126212,354,09,013,Xochimilco,09013,121651,139277,118541,122602,103680,94349,77414,91066,94349,110592,112493,101606,1287619
RECLUSORIO SUR #2,312,486650,2126527,355,09,013,Xochimilco,09013,71885,69638,62899,65578,64800,96768,110592,107136,96768,102298,104458,89510,1042330
RESIDENCIAL SUR,313,486065,2131760,359,09,013,Xochimilco,09013,127181,136598,111283,131155,119232,111283,127181,123206,111283,127181,123206,111283,1460074
S-1,314,488882,2127217,366,09,013,Xochimilco,09013,165888,160704,142733,168221,152928,142733,165888,158026,142733,163123,141955,118541,1823472
S-2,315,487111,2126517,371,09,013,Xochimilco,09013,163123,195523,166925,173923,150336,152410,182477,179453,164506,152064,147312,145152,1973203
S-3,316,489958,2126538,372,09,013,Xochimilco,09013,80179,85709,72576,88387,75168,72576,82944,80352,74995,88474,85709,74995,962064
S-4,317,486666,2126212,373,09,013,Xochimilco,09013,71885,72317,65318,65578,38880,43546,55296,66960,65318,63590,61603,60480,730771
S-5,318,489992,2126177,374,09,013,Xochimilco,09013,149299,141955,125798,148262,134784,125798,141005,139277,125798,143770,139277,99187,1614211
S-6,319,490912,2126096,375,09,013,Xochimilco,09013,149299,163382,140314,168221,150336,157248,179712,176774,159667,182477,168739,101606,1897776
S-7,320,492891,2126808,376,09,013,Xochimilco,09013,71885,80352,62899,74131,67392,62899,71885,69638,62899,71885,69638,62899,828403
S-8,321,488261,2127516,377,09,013,Xochimilco,09013,74650,80352,72576,85536,67392,70157,94003,91066,91930,116122,115171,106445,1065398
S-9,322,486026,2130803,378,09,013,Xochimilco,09013,152064,152669,118541,136858,124416,74995,85709,83030,74995,88474,85709,77414,1254874
S-10,323,485222,2130406,367,09,013,Xochimilco,09013,52531,50890,45965,54173,49248,45965,52531,50890,45965,52531,50890,29030,580608
S-11,324,496467,2128172,368,09,013,Xochimilco,09013,107827,131242,116122,136858,127008,87091,102298,96422,89510,99533,99101,87091,1280102
SANTIAGO TEPALCATLALPAN ,325,487217,2127605,451,09,013,Xochimilco,09013,127181,123206,108864,131155,103680,96768,116122,112493,96768,110592,112493,104026,1343347
SAN GREGORIO ATL. #1,326,493006,2128467,383,09,013,Xochimilco,09013,47002,64282,36288,59875,49248,58061,69120,66960,45965,55296,61603,62899,676598
SAN GREGORIO ATL. #2,327,492890,2127862,384,09,013,Xochimilco,09013,52531,56246,33869,11405,33696,33869,47002,45533,41126,47002,42854,45965,491098
SAN LUCAS XOCHIMANCA ,328,487902,2127087,393,09,013,Xochimilco,09013,138240,136598,120960,134006,127008,116122,127181,120528,106445,116122,136598,120960,1500768
SAN LUIS #1,329,497615,2129035,394,09,013,Xochimilco,09013,8294,8035,7258,8554,7776,7258,8294,8035,7258,8294,8035,7258,94349
SAN LUIS #3,330,497036,2129582,407,09,013,Xochimilco,09013,RN,RN,RN,RN,RN,RN,RN,RN,RN,RN,RN,RN,0
SAN LUIS #5,331,497315,2129600,409,09,013,Xochimilco,09013,80179,101779,72576,65578,82944,72576,82944,85709,50803,69120,77674,74995,916877
SAN LUIS #6,332,497439,2129597,410,09,013,Xochimilco,09013,DC,DC,DC,DC,DC,DC,DC,DC,DC,DC,DC,DC,0
SAN LUIS #7,333,496647,2129289,411,09,013,Xochimilco,09013,146534,152669,53222,108346,134784,104026,116122,125885,135475,160358,163382,149990,1550794
SAN LUIS #8,334,496435,2128999,412,09,013,Xochimilco,09013,91238,96422,79834,94090,85536,79834,91238,88387,79834,91238,88387,79834,1045872
SAN LUIS #9,335,496048,2129025,413,09,013,Xochimilco,09013,154829,163382,108864,128304,145152,137894,157594,133920,128218,149299,163382,142733,1713571
SAN LUIS #10,336,495713,2128981,395,09,013,Xochimilco,09013,38707,42854,36288,25661,25920,24192,24883,21427,19354,19354,16070,14515,309226
SAN LUIS #11,337,495413,2128559,396,09,013,Xochimilco,09013,251597,262483,232243,276566,248832,232243,268186,259805,237082,270950,262483,237082,3039552
SAN LUIS #12,338,495360,2128726,397,09,013,Xochimilco,09013,110592,160704,157248,91238,85536,111283,121651,147312,108864,149299,125885,152410,1522022
SAN LUIS #13,339,494961,2128603,398,09,013,Xochimilco,09013,96768,144634,108864,111197,108864,123379,129946,136598,104026,127181,115171,130637,1437264
SAN LUIS #14,340,493710,2128823,399,09,013,Xochimilco,09013,96768,93744,84672,99792,90720,89510,102298,99101,89510,102298,99101,87091,1134605
SAN LUIS #16,341,492704,2128176,401,09,013,Xochimilco,09013,149299,155347,128218,153965,139968,125798,152064,141955,130637,138240,147312,99187,1661990
SAN LUIS #17,342,492917,2128568,402,09,013,Xochimilco,09013,49766,77674,50803,62726,57024,50803,60826,61603,53222,55296,58925,48384,687053
SAN LUIS #18,343,492829,2128339,403,09,013,Xochimilco,09013,246067,241056,215309,248054,228096,215309,248832,238378,210470,243302,238378,212890,2786141
SAN LUIS #19,344,491807,2127960,404,09,013,Xochimilco,09013,152064,160704,125798,156816,150336,142733,163123,147312,137894,160358,160704,142733,1800576
SAN LUIS #20,345,490706,2127793,406,09,013,Xochimilco,09013,132710,131242,116122,119750,72576,91930,88474,117850,116122,143770,144634,99187,1374365
SAN LORENZO ATEMOAYA #1,346,489528,2127154,390,09,013,Xochimilco,09013,96768,96422,87091,185328,163296,84672,102298,104458,72576,96768,99101,91930,1280707
SAN LORENZO ATEMOAYA #2,347,489441,2127276,391,09,013,Xochimilco,09013,DC,DC,DC,DC,DC,DC,DC,DC,DC,DC,DC,DC,0
SANTA CRUZ ACALPIXCA #1,348,492715,2127316,440,09,013,Xochimilco,09013,38707,42854,33869,39917,36288,33869,38707,37498,33869,38707,37498,33869,445651
SANTA CRUZ ACALPIXCA #2,349,492727,2127595,441,09,013,Xochimilco,09013,152064,182131,147571,148262,145152,149990,124416,152669,113702,152064,168739,157248,1794010
SANTA CRUZ XOCHITEPEC,350,486440,2128685,444,09,013,Xochimilco,09013,152064,182131,152410,179626,163296,171763,190771,190166,171763,199066,195523,171763,2120342
TEPEPAN #1,351,484817,2130992,485,09,012,Tlalpan,09012,77414,77674,79834,76982,64800,60480,71885,56246,55642,63590,64282,60480,809309
TEPEPAN #2,352,484526,2130414,486,09,012,Tlalpan,09012,71885,69638,60480,71280,64800,55642,63590,61603,55642,94003,93744,82253,844560
TEPEPAN #3,353,485444,2131291,487,09,013,Xochimilco,09013,113357,141955,145152,148262,152928,133056,149299,112493,111283,141005,141955,133056,1623802
CERRILLOS #1,354,497979,2128002,105,09,013,Xochimilco,09013,82944,80352,72576,88387,80352,45965,85709,88387,79834,91238,91066,82253,969062
CERRILLOS #2,355,498560,2127688,106,09,011,Tl?íhuac,09011,27648,29462,38707,45619,41472,43546,49766,53568,48384,52531,50890,45965,527558
CERRILLOS #3,356,498585,2127177,107,09,011,Tl?íhuac,09011,196301,74995,62899,74131,59616,79834,91238,83030,74995,82944,83030,74995,1038010
ESCUDO NACIONAL #1,357,499305,2127979,153,09,011,Tl?íhuac,09011,99533,109814,87091,102643,93312,87091,99533,96422,87091,99533,96422,87091,1145578
ESCUDO NACIONAL #2,358,499028,2127046,154,09,011,Tl?íhuac,09011,41472,42854,33869,39917,36288,14515,16589,32141,29030,33178,32141,29030,381024
R-11,359,499184,2127397,335,09,011,Tl?íhuac,09011,69120,74995,60480,71280,64800,60480,69120,66960,60480,69120,66960,60480,794275
R-18,360,500141,2123254,336,09,009,Milpa Alta,09009,99533,109814,87091,102643,93312,87091,99533,96422,87091,94003,91066,82253,1129853
R-19,361,498387,2122183,337,09,009,Milpa Alta,09009,52531,50890,45965,51322,44064,41126,49766,48211,43546,88474,77674,70157,663725
R-21,362,498543,2122563,339,09,009,Milpa Alta,09009,41472,45533,36288,42768,38880,31450,5530,FE,24192,110592,107136,96768,580608
R-22,363,500132,2122660,340,09,009,Milpa Alta,09009,105062,112493,91930,108346,98496,91930,105062,101779,91930,105062,101779,91930,1205798
R-24,364,499460,2123283,341,09,009,Milpa Alta,09009,55296,61603,48384,79834,72576,50803,58061,56246,50803,58061,56246,50803,698717
R-25,365,498704,2122951,342,09,009,Milpa Alta,09009,63590,61603,55642,62726,59616,58061,66355,64282,58061,66355,64282,58061,738634
R-26,366,500353,2122335,343,09,009,Milpa Alta,09009,82944,88387,72576,85536,77760,72576,82944,80352,72576,74650,109814,99187,999302
R-28,367,500633,2123093,345,09,009,Milpa Alta,09009,143770,141955,120960,148262,132192,123379,141005,136598,128218,143770,139277,118541,1617926
S-12,368,498012,2128664,369,09,013,Xochimilco,09013,127181,139277,111283,131155,119232,111283,127181,123206,111283,127181,123206,26611,1378080
S-13,369,498497,2128189,370,09,013,Xochimilco,09013,77414,48211,79834,85536,41472,41126,44237,21427,19354,35942,34819,21773,551146
SAN JUAN TEPENAHUAC,370,500689,2121549,387,09,009,Milpa Alta,09009,168653,166061,147571,176774,160704,137894,160358,155347,140314,160358,155347,140314,1869696
SAN PEDRO ATOCPAN ,371,494862,2124268,419,09,009,Milpa Alta,09009,91238,91066,77414,96941,75168,77414,91238,83030,79834,96768,91066,82253,1033430
SANTA CATARINA #5 ,372,497411,2134398,433,09,011,Tl?íhuac,09011,DC,DC,0,DC,DC,DC,DC,DC,DC,DC,DC,DC,0
TECOMITL #10,373,501476,2124659,464,09,009,Milpa Alta,09009,135475,133920,116122,142560,129600,108864,124416,117850,130637,149299,144634,133056,1566432
TECOMITL #11,374,501597,2124497,465,09,009,Milpa Alta,09009,102298,99101,65318,105494,95904,82253,94003,91066,82253,74650,91066,82253,1065658
TECOMITL #12,375,502121,2124423,466,09,009,Milpa Alta,09009,168653,163382,142733,173923,158112,130637,160358,158026,142733,154829,149990,104026,1807402
TECOMITL #13,376,501779,2124406,467,09,009,Milpa Alta,09009,207360,203558,154829,196733,181440,152410,174182,136598,79834,157594,187488,142733,1974758
TECOMITL #14,377,502113,2124639,468,09,009,Milpa Alta,09009,168653,163382,113702,173923,145152,116122,132710,120528,113702,121651,131242,128218,1628986
TECOMITL #15,378,502326,2124457,469,09,009,Milpa Alta,09009,121651,117850,94349,122602,106272,96768,116122,104458,106445,74650,74995,72576,1208736
TECOMITL #17,379,502892,2124315,471,09,009,Milpa Alta,09009,105062,107136,70157,102643,101088,94349,102298,91066,96768,116122,112493,104026,1203206
TECOMITL #21,380,503900,2123602,476,15,025,Chalco,15025,143770,158026,125798,148262,134784,96768,110592,107136,96768,110592,107136,96768,1436400
TULYEHUALCO #2,381,499862,2127969,505,09,011,Tl?íhuac,09011,74650,66960,7258,FS,RH,FS,85709,104458,87091,49766,83030,74995,633917
TULYEHUALCO #3,382,#N/A,#N/A,#N/A,#N/A,#N/A,#N/A,#N/A,RE,RE,RE,RE,RE,RE,RE,RE,RE,RE,RE,RE,0
TULYEHUALCO #4,383,499774,2128224,506,09,011,Tl?íhuac,09011,99533,109814,87091,102643,93312,67738,77414,74995,67738,168653,163382,147571,1259885
TULYEHUALCO #5,384,499404,2128348,507,09,011,Tl?íhuac,09011,52531,56246,45965,39917,20736,RE,RE,RE,RE,RE,RE,RE,215395
TULYEHUALCO #6,385,499184,2128488,508,09,011,Tl?íhuac,09011,DC,DC,0,DC,RE,RE,RE,RE,RE,22118,RE,41126,63245
TULYEHUALCO #7,386,498855,2128500,509,09,013,Xochimilco,09013,RE,RE,0,RE,RE,RE,RE,RE,RE,RE,RE,RE,0
TULYEHUALCO #8,387,498541,2128735,510,09,013,Xochimilco,09013,163123,158026,140314,168221,152928,135475,157594,155347,142733,143770,131242,111283,1760054
TULYEHUALCO #9,388,498153,2128420,511,09,013,Xochimilco,09013,RE,RE,RE,RE,RE,RE,RE,RE,RE,RE,RE,RE,0
TULYEHUALCO #10,389,498224,2129148,504,09,013,Xochimilco,09013,DC,DC,DC,DC,DC,DC,DC,DC,DC,DC,DC,DC,0
AUXILIAR XOTEPINGO #1-B,390,485577,2137590,51,09,003,Coyoac?ín,09003,132710,144634,116122,136858,124416,116122,132710,128563,116122,132710,91066,79834,1451866
AUXILIAR XOTEPINGO #1-C,391,485987,2137418,52,09,003,Coyoac?ín,09003,149299,158026,130637,153965,139968,130637,149299,144634,130637,149299,112493,99187,1648080
AUXILIAR XOTEPINGO #2-A,392,485605,2137177,53,09,003,Coyoac?ín,09003,88474,96422,77414,91238,82944,77414,88474,85709,77414,88474,66960,58061,978998
AUXILIAR XOTEPINGO #2-B,393,485917,2137244,54,09,003,Coyoac?ín,09003,RH,RH,RH,28512,51840,67738,77414,112493,101606,116122,61603,53222,670550
AUXILIAR XOTEPINGO #2-C,394,486157,2137340,55,09,003,Coyoac?ín,09003,71885,77674,62899,74131,67392,62899,71885,69638,24192,33178,58925,50803,725501
AUXILIAR XOTEPINGO #3-A,395,483454,2134623,56,09,003,Coyoac?ín,09003,RE,RE,RE,RE,RE,RE,RE,RE,RE,RE,RE,RE,0
AUXILIAR XOTEPINGO #3-C,396,486332,2137150,58,09,003,Coyoac?ín,09003,27648,29462,24192,28512,5184,58061,77414,74995,67738,77414,61603,53222,585446
AUXILIAR XOTEPINGO #4-A,397,485612,2137181,59,09,003,Coyoac?ín,09003,124416,117850,123379,145411,132192,123379,141005,141955,128218,146534,117850,101606,1543795
AUXILIAR XOTEPINGO #4-B,398,486172,2136994,60,09,003,Coyoac?ín,09003,77414,96422,77414,91238,82944,77414,88474,85709,77414,88474,64282,58061,965261
AUXILIAR XOTEPINGO #4-C,399,486172,2136994,61,09,003,Coyoac?ín,09003, ,RH, , , , , , , , , , ,0
AUXILIAR XOTEPINGO #5-C,400,486633,2136909,64,09,003,Coyoac?ín,09003,77414,109814,89510,105494,95904,89510,91238,99101,89510,102298,83030,70157,1102982
AUXILIAR XOTEPINGO #6-A,401,491659,2135219,65,09,007,Iztapalapa,09007,RE,RE,RE,RE,RE,RE,RE,RE,RE,RE,RE,RE,0
AUXILIAR XOTEPINGO #6-C,402,486880,2136614,67,09,003,Coyoac?ín,09003,11059,RE,RE,RE,RE,RE,5530,RE,RE,RE,RE,RE,16589
AUXILIAR XOTEPINGO #7-A,403,486470,2136519,68,09,003,Coyoac?ín,09003,99533,107136,87091,102643,20736,130637,149299,144634,130637,149299,120528,106445,1348618
AUXILIAR XOTEPINGO #7-B,404,486598,2136644,69,09,003,Coyoac?ín,09003,141005,152669,123379,145411,132192,123379,141005,136598,123379,141005,112493,99187,1571702
AUXILIAR XOTEPINGO #7-C,405,488128,2138076,70,09,007,Iztapalapa,09007,RE,RE,RE,RE,RE,RE,RE,RE,RE,RE,RE,RE,0
AUXILIAR XOTEPINGO #8-B,406,486733,2136560,72,09,003,Coyoac?ín,09003,RN,RN,RN,RN,RN,RN,RN,RN,RN,RN,RN,RN,0
AUXILIAR XOTEPINGO #9-B,407,486837,2136442,75,09,003,Coyoac?ín,09003,RH,RH,RH,RH,RH,RH,RH,RH,RH,RH,RH,RE,0
AUXILIAR XOTEPINGO #10-C,408,487154,2136372,47,09,003,Coyoac?ín,09003,RH,RH,RH,RH,RH,RH,RH,RE,RE,RE,RE,RE,0
AUXILIAR XOTEPINGO #11-A,409,487154,2136372,48,09,003,Coyoac?ín,09003,94003,99101,82253,96941,88128,82253,94003,66960,91930,105062,77674,67738,1046045
AUXILIAR XOTEPINGO #11-B,410,487554,2136262,49,09,003,Coyoac?ín,09003,129946,141955,113702,134006,121824,113702,102298,83030,FE,FE,56246,113702,1110413
GRANJAS AGRICOLA COAPA,411,487793,2133865,167,09,012,Tlalpan,09012,RE,RE,RE,RE,RE,RE,RE,RE,RE,RE,RE,RE,0
PERIFERICO #18 ,412,489804,2135343,302,09,013,Xochimilco,09013,RE,RE,RE,RE,RE,RE,RE,RE,RE,RE,RE,RE,0
SANTA CATARINA ,413,#N/A,#N/A,#N/A,#N/A,#N/A,#N/A,#N/A,RE,RE,RE,RE,RE,RE,RE,RE,RE,RE,RE,RE,0
ABRIL #24,414,487773,2146810,3,09,017,Venustiano Carranza,09017,RE,RE,RE,RE,RE,RE,RE,RE,RE,RE,RE,RE,0
BALBUENA #1,415,488461,2146452,82,09,017,Venustiano Carranza,09017,124416,123206,106445,128304,116640,108864,124416,120528,108864,124416,120528,99187,1405814
BALBUENA #2,416,489467,2146172,83,09,017,Venustiano Carranza,09017,RH,RH,19354,99792,93312,87091,99533,83030,74995,85709,83030,96768,822614
CARLOS GRACIDAS,417,495092,2140748,97,09,007,Iztapalapa,09007,58061,83030,72576,85536,111456,104026,118886,77674,70157,80179,77674,82253,1021507
CD. DEPORTIVA #1,418,488334,2145956,101,09,017,Venustiano Carranza,09017,110592,109814,96768,114048,103680,96768,110592,107136,96768,110592,107136,87091,1250986
CD. DEPORTIVA #2,419,490524,2145198,102,09,006,Iztacalco,09006,DC,DC,DC,DC,DC,DC,DC,DC,DC,DC,DC,DC,0
CERRO DE LA ESTRELLA #1,420,488786,2137752,108,09,007,Iztapalapa,09007,168653,168739,147571,173923,155520,145152,165888,160704,145152,165888,160704,106445,1864339
CERRO DE LA ESTRELLA #2,421,491381,2137359,109,09,007,Iztapalapa,09007,149299,141955,125798,148262,137376,128218,146534,136598,123379,141005,136598,111283,1626307
COYUYA,422,487986,2144947,130,09,006,Iztacalco,09006,121651,133920,111283,159667,184032,171763,196301,190166,171763,196301,190166,125798,1952813
FRACCIONAMIENTO BANJIDAL,423,485761,2140779,158,09,007,Iztapalapa,09007,129946,141955,113702,162518,147744,135475,157594,149990,135475,157594,152669,123379,1708042
FRACC. DEL PARQUE ,424,487480,2146796,157,09,017,Venustiano Carranza,09017,16589,61603,62899,74131,67392,62899,71885,69638,62899,71885,69638,58061,749520
GRANJAS ESTRELLA #1,425,490215,2136947,168,09,007,Iztapalapa,09007,141005,152669,125798,176774,171072,159667,179712,176774,157248,138240,133920,108864,1821744
GRANJAS ESTRELLA #2,426,490395,2136697,169,09,007,Iztapalapa,09007,27648,29462,24192,34214,31104,29030,33178,32141,29030,33178,32141,26611,361930
GRANJAS ESTRELLA #3,427,490025,2136317,170,09,007,Iztapalapa,09007,143770,155347,130637,185328,155520,142733,143770,139277,125798,193536,190166,154829,1860710
GRANJAS SAN ANTONIO,428,488920,2141217,171,09,007,Iztapalapa,09007,66355,104458,96768,114048,72576,67738,154829,147312,133056,154829,147312,120960,1380240
IZTACALCO,429,487547,2143777,183,09,006,Iztacalco,09006,RE,RE,RE,RE,RE,RE,RE,RE,RE,RE,RE,RE,0
IZTAPALAPA #1 ,430,490429,2140629,184,09,007,Iztapalapa,09007,141005,93744,77414,91238,121824,113702,129946,109814,99187,113357,109814,99187,1300234
IZTAPALAPA #2 ,431,489524,2140324,186,09,007,Iztapalapa,09007,160358,144634,106445,125453,147744,137894,160358,123206,111283,127181,123206,108864,1576627
IZTAPALAPA #4 ,432,493536,2140947,187,09,007,Iztapalapa,09007,RP,RP,41126,96941,88128,82253,94003,91066,82253,94003,91066,82253,843091
IZTAPALAPA #8 ,433,495991,2139156,189,09,007,Iztapalapa,09007,124416,88387,70157,82685,75168,70157,80179,69638,62899,71885,69638,62899,928109
REYES IZTAPALAPA ,434,489024,2138895,361,09,007,Iztapalapa,09007,RE,RE,RE,RE,RE,RE,RE,RE,RE,RE,RE,RE,0
SANTA ANITA ,435,487121,2145200,424,09,006,Iztacalco,09006,110592,123206,96768,114048,103680,96768,110592,107136,96768,110592,107136,123379,1300666
PANTEON CIVIL #1,436,492110,2138566,266,09,007,Iztapalapa,09007,165888,163382,142733,168221,158112,145152,168653,163382,147571,168653,166061,125798,1883606
PANTEON CIVIL #2,437,492185,2138296,267,09,007,Iztapalapa,09007,135475,147312,118541,139709,127008,118541,135475,131242,118541,135475,131242,118541,1557101
PANTEON CIVIL #3,438,491725,2138701,268,09,007,Iztapalapa,09007,60826,58925,50803,59875,49248,45965,52531,50890,45965,52531,50890,41126,619574
PENON #1,439,496929,2143163,282,09,007,Iztapalapa,09007,RH,RH,RH,RH,RH,45965,71885,69638,62899,71885,69638,62899,454810
PENON #2,440,496431,2141160,283,09,007,Iztapalapa,09007,118886,128563,104026,122602,111456,104026,118886,115171,104026,118886,115171,104026,1365725
PENON #2 NUEVO,441,496431,2141160,284,09,007,Iztapalapa,09007,207360,158026,128218,151114,137376,128218,146534,141955,128218,146534,141955,128218,1743725
PENON #3,442,497573,2142887,285,09,007,Iztapalapa,09007,146534,179453,142733,168221,152928,142733,163123,158026,142733,163123,158026,142733,1860365
PENON #4,443,495210,2141993,286,09,007,Iztapalapa,09007,107827,117850,96768,139709,127008,118541,135475,131242,118541,135475,131242,84672,1444349
PENON #4 NUEVO,444,495210,2141993,287,09,007,Iztapalapa,09007,RP,RP,RP,RP,RP,RP,RP,RP,RP,RP,16070,31450,47520
PENON #5,445,485811,2136521,288,09,003,Coyoac?ín,09003,157594,158026,137894,165370,194400,181440,207360,200880,120960,149299,144634,118541,1936397
PENON #6,446,497336,2141954,289,09,007,Iztapalapa,09007,124416,125885,111283,131155,137376,130637,149299,144634,128218,110592,117850,96768,1508112
PENON #7,447,496897,2141745,290,09,007,Iztapalapa,09007,107827,115171,94349,111197,108864,101606,116122,112493,101606,107827,104458,94349,1275869
PENON #8,448,496437,2142004,291,09,007,Iztapalapa,09007,94003,40176,70157,82685,75168,70157,80179,77674,70157,80179,77674,70157,888365
PENON #9,449,496509,2142463,292,09,007,Iztapalapa,09007,60826,74995,60480,71280,64800,60480,55296,45533,41126,47002,45533,53222,680573
PURISIMA IZTAPALAPA #2,450,492326,2140858,328,09,007,Iztapalapa,09007,138240,147312,94349,111197,90720,84672,96768,101779,91930,105062,101779,91930,1255738
PURISIMA IZTAPALAPA #3,451,492326,2140858,329,09,007,Iztapalapa,09007,91238,RH,RH,RH,RH,RH,RH,RH,RE,RE,RE,RE,91238
PURISIMA IZTAPALAPA #7,452,492584,2141270,332,09,007,Iztapalapa,09007,143770,166061,145152,171072,152928,142733,163123,149990,135475,154829,149990,125798,1800922
REFORMA IXTLACIHUATL ,453,486237,2143522,356,09,006,Iztacalco,09006,190771,190166,166925,196733,181440,166925,190771,187488,166925,190771,187488,149990,2166394
SAN JUANICO IZTAPALAPA,454,487813,2142061,389,09,007,Iztapalapa,09007,160358,158026,140314,165370,150336,137894,160358,152669,140314,157594,152669,125798,1801699
SAN LORENZO TEZONCO,455,492660,2136245,392,09,007,Iztapalapa,09007,C,C,C,C,C,C,C,C,C,C,C,C,0
SANTA CATARINA #10,456,493108,2135089,426,09,007,Iztapalapa,09007,124416,123206,108864,176774,145152,137894,157594,136598,123379,141005,136598,111283,1622765
SANTA CATARINA #11,457,492327,2134822,427,09,007,Iztapalapa,09007,FE,RH,21773,96941,88128,79834,91238,61603,55642,63590,61603,55642,675994
SANTA CATARINA #12,458,493246,2135738,428,09,007,Iztapalapa,09007,52531,48211,48384,62726,57024,149990,171418,56246,48384,55296,56246,43546,850003
SANTA CATARINA #13 ,459,492660,2136245,429,09,007,Iztapalapa,09007,179712,179453,125798,168221,155520,152410,171418,168739,149990,171418,166061,135475,1924214
SANTA CATARINA #8,460,493646,2134643,436,09,007,Iztapalapa,09007,105062,112493,89510,102643,93312,96768,110592,107136,96768,110592,107136,96768,1228781
SANTA CATARINA #9,461,493593,2134868,437,09,007,Iztapalapa,09007,91238,99101,84672,159667,142560,135475,154829,147312,133056,154829,149990,120960,1573690
SECTOR POPULAR #1 ,462,480042,2143331,454,09,014,Benito Ju?írez,09014,DC,DC,DC,DC,DC,DC,DC,DC,DC,DC,DC,DC,0
SECTOR POPULAR #2 ,463,487649,2141016,455,09,007,Iztapalapa,09007,163123,163382,142733,173923,137376,125798,146534,139277,128218,146534,141955,116122,1724976
SECTOR POPULAR #3 ,464,488361,2140458,456,09,007,Iztapalapa,09007,RP,RP,RP,RP,RP,RP,RP,RP,RP,80179,88387,72576,241142
SANTA ANITA,465,487121,2145200,424,09,006,Iztacalco,09006,77414,83030,67738,79834,72576,67738,77414,74995,67738,77414,74995,67738,888624
TLACOTAL ,466,490508,2143981,498,09,006,Iztacalco,09006,66355,53568,43546,51322,46656,43546,49766,37498,33869,38707,37498,33869,536198
UNIDAD MODELO #1,467,487114,2141384,532,09,007,Iztapalapa,09007,74650,83030,65318,76982,121824,113702,129946,117850,106445,121651,117850,104026,1233274
UNIDAD MODELO #2,468,486789,2140914,533,09,007,Iztapalapa,09007,141005,179453,157248,185328,152928,142733,165888,147312,133056,152064,147312,113702,1818029
UNIDAD MODELO #3,469,487174,2140802,534,09,007,Iztapalapa,09007,188006,182131,159667,188179,176256,164506,188006,184810,164506,188006,184810,142733,2111616
VIGA #1,470,487435,2140423,559,09,007,Iztapalapa,09007,176947,176774,157248,182477,168480,157248,176947,174096,157248,176947,174096,140314,2018822
VIGA #2,471,487191,2140016,560,09,003,Coyoac?ín,09003,88474,45533,41126,51322,46656,45965,52531,24106,21773,24883,24106,48384,514858
VIGA #3,472,487162,2141990,561,09,007,Iztapalapa,09007,107827,109814,94349,114048,103680,96768,110592,128563,118541,135475,131242,106445,1357344
VIGA #4,473,487094,2143085,562,09,006,Iztacalco,09006,143770,163382,142733,171072,158112,147571,168653,48211,45965,52531,50890,82253,1375142
AMPLIACION TLAHUAC NEZA #19,474,489919,2134007,25,09,013,Xochimilco,09013,RE,RE,RE,RE,RE,RE,RE,RE,RE,RE,RE,RE,0
AMPLIACION TLAHUAC NEZA #20,475,492019,2132965,26,09,013,Xochimilco,09013,18749,16934,8035,RH,RH,RH,RH,RH,10368,10714,10368,10714,85882
AMPLIACION TLAHUAC NEZA #20 B,476,492226,2132797,27,09,013,Xochimilco,09013,RH,RH,RH,RH,RH,RH,RH,RH,RH,RH,RH,RH,0
AMPLIACION TLAHUAC NEZA #21,477,491770,2133589,28,09,007,Iztapalapa,09007,DC,DC,DC,DC,DC,DC,DC,DC,DC,DC,DC,DC,0
AMPLIACION TLAHUAC NEZA #22,478,491436,2133747,29,09,013,Xochimilco,09013,66960,65318,45533,41472,42854,41472,48211,48211,41472,45533,44064,45533,576634
AMPLIACION TLAHUAC NEZA #23,479,491186,2134102,30,09,013,Xochimilco,09013,45533,45965,42854,119232,42854,41472,158026,158026,137376,141955,116640,109814,1159747
AMPLIACION TLAHUAC NEZA #24,480,491038,2134472,31,09,007,Iztapalapa,09007,158026,154829,152669,150336,149990,145152,158026,158026,145152,152669,147744,136598,1809216
AMPLIACION TLAHUAC NEZA #25,481,490825,2134916,32,09,007,Iztapalapa,09007,32141,65318,FE,FE,FE,FE,FE,FE,FE,FE,FE,FE,97459
AMPLIACION TLAHUAC NEZA #26,482,490714,2134879,33,09,007,Iztapalapa,09007,101779,77414,50890,49248,50890,49248,53568,53568,51840,24106,57024,58925,678499
AMPLIACION TLAHUAC NEZA #27,483,490617,2134923,34,09,007,Iztapalapa,09007,RE,50803,149990,145152,149990,145152,163382,163382,165888,171418,165888,171418,1642464
AMPLIACION TLAHUAC NEZA #19,484,489919,2134007,25,09,013,Xochimilco,09013,RE,RE,RE,RE,RE,RE,RE,RE,RE,RE,RE,RE,0
AMPLIACION TLAHUAC NEZA #20,485,492019,2132965,26,09,013,Xochimilco,09013,23231,20017,6408,RH,RH,RH,RH,RH,3970,7596,4392,5076,70691
AMPLIACION TLAHUAC NEZA #20 B,486,492226,2132797,27,09,013,Xochimilco,09013,RH,RH,RH,RH,RH,RH,RH,RH,RH,RH,RH,RH,0
AMPLIACION TLAHUAC NEZA #21,487,491770,2133589,28,09,007,Iztapalapa,09007,DC,DC,DC,DC,DC,DC,DC,DC,DC,DC,DC,DC,0
AMPLIACION TLAHUAC NEZA #22,488,491436,2133747,29,09,013,Xochimilco,09013,82969,77207,36309,28846,48503,44127,47108,28173,15881,32285,18666,21574,481649
AMPLIACION TLAHUAC NEZA #23,489,491186,2134102,30,09,013,Xochimilco,09013,56419,54331,34173,82933,48503,44127,154409,92345,52607,100653,49409,52032,821941
AMPLIACION TLAHUAC NEZA #24,490,491038,2134472,31,09,007,Iztapalapa,09007,195807,183010,121743,104568,169760,154443,154409,92345,55585,108250,62585,64722,1467227
AMPLIACION TLAHUAC NEZA #25,491,490825,2134916,32,09,007,Iztapalapa,09007,39825,77207,FE,FE,FE,FE,FE,FE,FE,FE,FE,FE,117032
AMPLIACION TLAHUAC NEZA #26,492,490714,2134879,33,09,007,Iztapalapa,09007,126113,91505,40581,34255,57597,52400,52342,31303,19852,17092,24156,27919,575116
AMPLIACION TLAHUAC NEZA #27,493,490617,2134923,34,09,007,Iztapalapa,09007,RE,60050,119607,100962,169760,154443,159643,95475,63526,121544,70271,81220,1196501
AGRICOLA ORIENTAL #1,494,493122,2143239,7,09,007,Iztapalapa,09007,RE,RE,RE,RE,RE,RE,RE,RE,RE,RE,RE,RE,0
AGRICOLA ORIENTAL #2,495,490893,2142731,8,09,007,Iztapalapa,09007,DE,DE,DE,DE,DE,DE,DE,DE,DE,DE,DC,DE,0
AGRICOLA ORIENTAL #4,496,490868,2143163,9,09,007,Iztapalapa,09007,DC,DC,DC,DC,DC,DC,DC,DC,DC,DC,DC,DC,0
AGRICOLA ORIENTAL #5,497,491237,2143074,10,09,007,Iztapalapa,09007,FE,FE,FE,FE,FE,FE,FE,FE,FE,FE,FE,FE,0
AGRICOLA ORIENTAL #6,498,491988,2143150,11,09,007,Iztapalapa,09007,DE,DE,DE,DE,DE,DE,DE,DE,FE,FE,FE,FE,0
AGRICOLA ORIENTAL #7,499,492701,2143036,12,09,007,Iztapalapa,09007,DE,DE,DE,DE,DE,DE,DE,DE,DE,DE,DC,DE,0
POT.AGRICOLA ORIENTAL,500,#N/A,#N/A,#N/A,#N/A,#N/A,#N/A,#N/A,270518,198374,88387,85536,88387,85536,88387,88387,85536,88387,85536,88387,1341360
SANTA URSULA XITLA ,501,480995,2131462,450,09,012,Tlalpan,09012,RE,RE,RE,RE,RE,RE,RE,RE,RE,RE,RE,RE,0
TECOMITL #2 ,502,494013,2142311,474,09,007,Iztapalapa,09007,RH,RH,RH,RH,RH,RH,RH,RH,RH,RH,RH,RH,0
AUXILIAR XOTEPINGO #10-A,503,486840,2136193,45,09,003,Coyoac?ín,09003,RE,RE,RE,RE,RE,RE,RE,RE,RE,RE,RE,RE,0
AUXILIAR XOTEPINGO #9-A,504,488347,2149220,74,09,017,Venustiano Carranza,09017,RE,RE,RE,RE,RE,RE,RE,RE,RE,RE,RE,RE,0
AUXILIAR XOTEPINGO #1-A,505,485473,2137437,50,09,003,Coyoac?ín,09003,RE,RE,RE,RE,RE,RE,RE,RE,RE,RE,RE,RE,0
AUXILIAR XOTEPINGO #4-C,506,486172,2136994,61,09,003,Coyoac?ín,09003,DC,DC,DC,DC,DC,DC,DC,DC,DC,DC,DC,DC,0
AUXILIAR XOTEPINGO #6-B,507,486540,2136732,66,09,003,Coyoac?ín,09003,RP,RP,RP,RP,RP,RP,RP,RP,RP,RP,RP,RP,0
DEPORTIVO SAN SEBASTIAN ,508,#N/A,#N/A,#N/A,#N/A,#N/A,#N/A,#N/A,18749,16934,13392,12960,10714,10368,10714,10714,10368,10714,10368,10714,146707
SIFON ,509,498446,2140032,457,09,007,Iztapalapa,09007,DC,DC,DC,DC,0,DC,DC,DC,DC,DC,DC,DC,0
PURISIMA IZTAPALAPA,510,492113,2140360,326,09,007,Iztapalapa,09007,26784,19354,10714,2592,2678,2592,2678,2678,2592,2678,2592,2678,80611
PURISIMA IZTAPALAPA #1,511,492322,2140499,327,09,007,Iztapalapa,09007,13392,9677,5357,2592,2678,2592,2678,2678,2592,2678,2592,2678,52186
PURISIMA IZTAPALAPA #4,512,492335,2141030,330,09,007,Iztapalapa,09007,DC,4838,DC,DC,DC,DC,DC,DC,DC,DC,DC,DC,4838
PURISIMA IZTAPALAPA #5,513,492240,2141176,331,09,007,Iztapalapa,09007,32141,24192,10714,5184,2678,2592,2678,2678,2592,2678,2592,2678,93398
SANTA CRUZ MEYEHUALCO #1,514,497105,2138566,442,09,007,Iztapalapa,09007,FS,DC,DC,DC,DC,DC,DC,DC,DC,DC,DC,DC,0
SANTA MARIA AZTAHUACAN,515,497536,2139617,447,09,007,Iztapalapa,09007,32141,26611,21427,20736,26784,25920,26784,26784,25920,26784,25920,26784,312595
SANTA CRUZ MEYEHUALCO #2 ,516,496913,2138347,443,09,007,Iztapalapa,09007,321408,406426,407117,438048,407117,393984,407117,407117,393984,407117,393984,407117,4790534
ALFONSO XIII,517,479525,2142124,20,09,010,?ülvaro Obreg??n,09010,RN,RN,RN,RN,RN,RN,RN,RN,RN,RN,RN,RN,0
AV. CENTRAL ,518,479826,2143897,77,09,010,?ülvaro Obreg??n,09010,96768,101779,53222,79834,80352,79834,94003,74995,70157,88474,85709,58061,963187
BARRANCA DEL MUERTO,519,477767,2140498,84,09,010,?ülvaro Obreg??n,09010,69120,74995,65318,65578,62208,55642,55296,61603,48384,69120,48211,67738,743213
CASTANEDA #5,520,479819,2141143,99,09,010,?ülvaro Obreg??n,09010,FE,FE,FE,FE,FE,FE,FE,FE,FE,FE,FE,FE,0
CASTANEDA #6,521,478681,2141444,100,09,010,?ülvaro Obreg??n,09010,RE,RE,RE,RE,RE,RE,RE,RE,RE,RE,RE,RE,0
CHAPULTEPEC #2,522,476210,2145719,110,09,016,Miguel Hidalgo,09016,RN,RE,RN,RN,RN,RN,RN,RN,RN,RN,RN,RN,0
CHAPULTEPEC #7,523,476811,2147687,112,09,016,Miguel Hidalgo,09016,88474,109814,62899,45619,51840,21773,33178,34819,38707,55296,48211,45965,636595
CHAPULTEPEC #4 ,524,476066,2147376,111,09,016,Miguel Hidalgo,09016,RE,RE,RE,RE,RE,RE,RE,RE,RE,RE,RE,RE,0
CRISTO REY,525,479080,2143917,131,09,010,?ülvaro Obreg??n,09010,DC,DC,DC,DC,DC,DC,DC,DC,DC,DC,DC,DC,0
GOTA DE ORO ,526,#N/A,#N/A,#N/A,#N/A,#N/A,#N/A,#N/A,RE,RE,RE,RE,RE,RE,RE,RE,RE,RE,RE,RE,0
MERCED GOMEZ #1,527,479054,2141245,221,09,010,?ülvaro Obreg??n,09010,RN,RN,RN,RN,RN,RN,RN,RN,RN,RN,RN,RN,0
MERCED GOMEZ #2,528,479362,2140943,222,09,010,?ülvaro Obreg??n,09010,RE,RE,RE,RE,RE,RE,RE,RE,RE,RE,RE,RE,0
OLIVAR DE LOS PADRES ,529,477978,2138211,251,09,010,?ülvaro Obreg??n,09010,5530,8035,4838,14256,12960,16934,5530,10714,4838,8294,16070,7258,115258
OLIVAR DEL CONDE,530,478259,2141807,252,09,010,?ülvaro Obreg??n,09010,RE,RE,RE,RH,RE,RH,RH,RH,RH,RH,RH,RH,0
PALO ALTO,531,473308,2143565,261,09,004,Cuajimalpa de Morelos,09004,RE,RE,RE,RE,RE,RE,RE,RE,RE,RE,RE,RE,0
POZO CASSO,532,479631,2143506,319,09,010,?ülvaro Obreg??n,09010,60826,66960,58061,42768,41472,38707,44237,45533,41126,63590,61603,31450,596333
RIO HONDO,533,477108,2150026,362,09,016,Miguel Hidalgo,09016,RH,RH,RH,RH,RH,RH,RH,RH,RH,RH,RH,RH,0
SAN.ANGEL INN,534,#N/A,#N/A,#N/A,#N/A,#N/A,#N/A,#N/A,RE,RE,RE,RE,RE,RE,RE,RE,RE,RE,RE,RE,0
STA FE #1,535,#N/A,#N/A,#N/A,#N/A,#N/A,#N/A,#N/A,47002,45533,43546,57024,62208,55642,16589,RH,RH,38707,18749,29030,414029
SANTA LUCIA #1 ,536,483663,2151362,445,09,015,Cuauht??moc,09015,96768,37498,FE,FE,18144,74995,82944,77674,67738,69120,72317,65318,662515
SANTA LUCIA MIXCOAC,537,477689,2141301,446,09,010,?ülvaro Obreg??n,09010,RH,RH,RH,RH,RH,RH,RH,RH,RH,RH,RH,RH,0
TACUBAYA #1,538,479760,2144819,460,09,010,?ülvaro Obreg??n,09010,RN,RN,RN,RN,RN,RN,RN,RN,RN,RN,RN,RN,0
TACUBAYA #2,539,478505,2144514,461,09,010,?ülvaro Obreg??n,09010,RH,RH,7258,39917,10368,PA,PA,PA,PA,PA,FS,PA,57542
TACUBAYA #3,540,477626,2144350,462,09,010,?ülvaro Obreg??n,09010,47002,45533,41126,39917,41472,41126,22118,10714,FE,2765,2678,PA,294451
TETELPAN ,541,475535,2138416,496,09,010,?ülvaro Obreg??n,09010,38707,37498,31450,48470,38880,31450,41472,37498,36288,44237,42854,41126,469930
TOTOLAPAN,542,470953,2140338,502,09,004,Cuajimalpa de Morelos,09004,71885,72317,62899,76982,69984,62899,71885,66960,55642,63590,66960,62899,804902
VISTA HERMOSA,543,472181,2142453,567,09,004,Cuajimalpa de Morelos,09004,22118,21427,19354,22810,25920,58061,60826,85709,77414,85709,83030,65318,627696
