ROW,COLUMN,CondFact,Station
12,121,251.0778487,0
13,120,137.2587779,0
13,121,446.0683448,0
14,120,597.7266797,0
15,120,573.6908325,0
16,120,247.650879,0
16,121,589.7351958,0
17,121,60.37905172,0
17,122,670.610288,0
18,122,526.5621931,0
19,122,561.3242232,0
19,127,430.2459418,0
20,49,19.51059827,0
20,68,52.54731403,0
20,69,95.55981432,0
20,121,219.5751574,0
20,122,617.3342193,0
20,127,575.3540787,0
20,130,163.0969458,0
20,131,182.0096834,0
21,49,540.8676143,0
21,69,603.1858301,0
21,121,123.1024363,0
21,122,406.5268182,0
21,125,438.6352186,0
21,126,948.7867364,0
21,127,762.4306762,0
21,128,258.793375,0
21,129,581.9082094,0
21,130,399.3841151,0
21,131,427.5365537,0
21,132,631.5922327,0
21,133,559.3250787,0
21,134,330.2947159,0
21,139,188.9929658,0
21,140,526.5237522,0
21,141,536.1634609,0
21,142,32.4507968,0
22,37,101.3383026,0
22,40,324.7260173,0
22,41,373.3600237,0
22,49,509.3816737,0
22,63,231.7198767,0
22,69,163.0512154,0
22,70,768.5415227,0
22,71,150.1275461,0
22,124,533.125186,0
22,125,645.0832151,0
22,127,288.0155247,0
22,128,401.4412337,0
22,134,402.6307955,0
22,135,553.5512621,0
22,136,408.9682979,0
22,137,519.9176852,0
22,138,559.7282755,0
22,139,429.5783035,0
23,37,593.8356196,0
23,38,301.6310237,0
23,41,623.8022423,0
23,42,354.4083419,0
23,43,552.4346802,0
23,44,37.27823016,0
23,49,510.9866859,0
23,63,572.0476761,0
23,71,503.3088158,0
23,72,391.4832863,0
23,125,574.5740262,0
23,136,133.1431996,0
24,37,19.02977782,0
24,38,501.058581,0
24,39,547.2941002,0
24,40,576.0428218,0
24,41,597.0148275,0
24,42,159.7750842,0
24,44,485.0929513,0
24,45,546.5537151,0
24,49,183.2249858,0
24,50,326.7884173,0
24,62,539.0949473,0
24,63,111.4364185,0
24,72,240.5405036,0
24,73,560.6330253,0
24,125,510.4721532,0
24,126,347.395147,0
25,36,306.005561,0
25,37,991.2772576,0
25,38,875.2724715,0
25,39,888.6689314,0
25,45,363.8510221,0
25,46,233.263725,0
25,50,627.2822833,0
25,62,660.1783146,0
25,73,557.1156448,0
25,74,10.59370249,0
25,126,346.0779034,0
25,127,553.7277442,0
25,128,512.6734117,0
25,129,619.3508052,0
25,130,535.1916838,0
25,131,734.4989127,0
25,132,581.1328076,0
25,133,627.7883507,0
25,134,540.8367861,0
25,135,298.8733769,0
25,148,291.332695,0
25,149,520.5716292,0
25,150,306.4081513,0
26,35,656.226289,0
26,36,276.7520732,0
26,39,243.9450443,0
26,40,386.2094846,0
26,46,600.4075785,0
26,47,164.8384618,0
26,48,407.3699197,0
26,50,138.5731178,0
26,51,504.4497973,0
26,62,584.2987872,0
26,73,217.0127595,0
26,74,313.550871,0
26,127,91.75891803,0
26,128,27.94769978,0
26,131,141.4063491,0
26,132,632.9500007,0
26,133,642.1310208,0
26,134,52.98097551,0
26,135,427.6737217,0
26,136,642.5005256,0
26,137,440.1663327,0
26,139,219.3997194,0
26,140,156.2437267,0
26,147,668.603383,0
26,148,329.398047,0
27,29,156.3325036,0
27,40,543.365441,0
27,41,68.29526831,0
27,47,404.0763182,0
27,48,95.43778519,0
27,49,502.7273999,0
27,50,513.9361584,0
27,61,382.4240362,0
27,62,148.5810431,0
27,71,333.6753184,0
27,72,562.0897765,0
27,73,514.9629306,0
27,74,957.5959034,0
27,133,198.3095147,0
27,134,394.8297267,0
27,137,187.7748342,0
27,138,533.7263226,0
27,139,405.6682197,0
27,140,661.4674535,0
27,141,329.0752374,0
27,145,548.174401,0
27,146,774.9160364,0
27,147,50.45824408,0
28,29,541.743742,0
28,41,618.6448178,0
28,61,531.8390587,0
28,74,41.09948211,0
28,75,635.1082313,0
28,128,317.52534,0
28,129,554.7866303,0
28,130,540.1781522,0
28,131,658.9666592,0
28,132,225.7128894,0
28,134,819.1646952,0
28,135,527.5108367,0
28,141,328.3373722,0
28,142,484.3604578,0
28,144,397.358989,0
28,145,205.8448445,0
28,146,592.8435968,0
29,26,233.8506529,0
29,29,536.1665821,0
29,41,188.0151104,0
29,42,587.5190459,0
29,43,225.3797792,0
29,44,441.8325358,0
29,60,378.4922357,0
29,61,457.9802907,0
29,75,347.1871734,0
29,76,560.9192752,0
29,124,578.4288829,0
29,125,679.1563556,0
29,126,571.2314527,0
29,127,616.2230601,0
29,128,289.6061167,0
29,132,529.6022849,0
29,134,553.9417041,0
29,135,482.1947385,0
29,136,205.355201,0
29,142,298.1405623,0
29,143,873.5839466,0
29,144,368.9295622,0
29,146,248.5800687,0
29,147,526.9429658,0
30,24,73.26012304,0
30,25,532.202542,0
30,26,955.1786143,0
30,27,934.818464,0
30,28,582.1155061,0
30,29,1128.481368,0
30,30,1342.708545,0
30,31,764.1481605,0
30,33,393.7026002,0
30,37,296.9593566,0
30,38,62.82499612,0
30,59,168.5736261,0
30,60,438.9469247,0
30,76,33.24110832,0
30,77,603.8872509,0
30,132,545.5638692,0
30,134,265.7854026,0
30,135,291.9914463,0
30,136,638.8098622,0
30,143,417.0726128,0
30,144,580.3615867,0
30,145,303.3782998,0
30,147,192.9284029,0
30,148,556.8560181,0
30,149,335.0351166,0
31,26,421.8229073,0
31,27,59.98023883,0
31,28,959.7881274,0
31,29,646.4751326,0
31,30,468.7898804,0
31,31,832.4468532,0
31,32,862.7059302,0
31,33,707.9679893,0
31,34,720.910601,0
31,35,156.5687372,0
31,38,683.4906049,0
31,39,401.8085602,0
31,40,566.8487434,0
31,77,399.149447,0
31,78,386.621695,0
31,132,610.6957479,0
31,135,631.1641863,0
31,136,314.2775044,0
31,137,800.0183398,0
31,138,154.9567344,0
31,145,322.304078,0
31,146,439.3612598,0
31,149,604.496383,0
31,150,91.46708759,0
32,26,373.7076697,0
32,27,790.8322953,0
32,28,681.1865072,0
32,29,642.5246914,0
32,30,282.8822932,0
32,32,546.6138902,0
32,33,604.0816874,0
32,34,120.8876871,0
32,35,938.6623918,0
32,36,480.6708487,0
32,37,538.9215397,0
32,38,769.6974996,0
32,39,850.2414523,0
32,40,527.6257437,0
32,41,450.0584254,0
32,132,448.3108052,0
32,133,170.769837,0
32,136,643.728255,0
32,138,647.7944114,0
32,140,49.88214721,0
32,141,12.97043027,0
32,142,303.0379127,0
32,143,482.2793215,0
32,146,393.1253341,0
32,147,327.7748044,0
32,150,587.4700419,0
33,19,47.18641042,0
33,27,813.7147643,0
33,28,368.547413,0
33,29,327.4256074,0
33,31,398.0325927,0
33,32,368.3167781,0
33,34,594.1246718,0
33,35,45.70822813,0
33,36,424.2288857,0
33,37,294.8530617,0
33,133,593.37274,0
33,134,290.3612454,0
33,136,569.2448043,0
33,138,35.32098404,0
33,139,616.5622545,0
33,140,672.1388691,0
33,141,659.2732284,0
33,142,448.5841181,0
33,143,225.1903883,0
33,144,603.5564965,0
33,145,544.1248777,0
33,146,530.6533797,0
33,147,269.1995455,0
33,148,544.0982585,0
33,150,318.4428718,0
33,151,554.4392923,0
33,152,145.6645103,0
33,153,360.6912985,0
34,19,593.4298512,0
34,23,417.6080271,0
34,24,869.0531089,0
34,25,867.0950981,0
34,26,905.4285199,0
34,27,393.9375934,0
34,28,540.4413518,0
34,30,1258.697769,0
34,31,691.2915063,0
34,33,47.90674632,0
34,34,593.8349019,0
34,133,110.3479826,0
34,134,577.0445937,0
34,136,95.34548647,0
34,137,695.9533621,0
34,146,64.23000517,0
34,147,615.685952,0
34,148,481.7460707,0
34,149,284.2884101,0
34,151,38.72680846,0
34,152,383.8457977,0
34,153,194.9964943,0
34,154,512.5949125,0
35,19,149.5762144,0
35,20,395.0014756,0
35,22,1347.315202,0
35,23,239.5142301,0
35,24,633.9829747,0
35,25,385.7707603,0
35,26,373.0929612,0
35,27,625.0191343,0
35,29,644.1936832,0
35,30,138.2391281,0
35,31,287.7748928,0
35,33,428.3774998,0
35,124,624.5988448,0
35,125,545.7727674,0
35,126,350.8007016,0
35,134,310.0596028,0
35,135,748.3388899,0
35,136,606.294646,0
35,137,185.2951128,0
35,138,583.7768332,0
35,139,362.1559194,0
35,147,313.7691421,0
35,148,362.9195944,0
35,149,341.1144992,0
35,150,513.4205142,0
35,151,575.0991209,0
35,154,187.3269269,0
35,155,668.3713624,0
35,156,17.0555125,0
36,20,524.8844184,0
36,21,382.5894124,0
36,22,267.696272,0
36,23,235.0042375,0
36,24,367.3651363,0
36,25,447.4513405,0
36,26,328.3133402,0
36,28,74.2217102,0
36,29,617.3938354,0
36,126,283.257085,0
36,127,560.4589173,0
36,128,358.8743605,0
36,135,546.1130698,0
36,137,550.8071431,0
36,138,545.8486499,0
36,139,293.0118172,0
36,148,502.3015309,0
36,151,54.81036405,0
36,152,562.8556761,0
36,156,604.8920041,0
36,157,208.2169912,0
37,17,164.9439192,0
37,18,642.5556509,0
37,19,176.427696,0
37,20,653.6709858,0
37,21,928.1095163,0
37,23,67.41287441,0
37,24,252.6475927,0
37,25,447.0470692,0
37,28,730.0160873,0
37,30,231.3508378,0
37,31,589.5310239,0
37,128,197.7631198,0
37,129,645.3419898,0
37,130,162.8017622,0
37,135,352.9894878,0
37,136,534.8442407,0
37,137,552.0973824,0
37,138,138.6502571,0
37,139,309.4336315,0
37,140,537.2372014,0
37,141,377.5887379,0
37,148,421.9309795,0
37,152,701.8755689,0
37,157,608.5709424,0
38,19,920.1101129,0
38,20,738.7699293,0
38,23,109.0461861,0
38,24,444.3673167,0
38,26,95.04498725,26273
38,27,756.9759016,26273
38,28,399.4296007,26273
38,31,714.0965999,0
38,32,554.7716238,0
38,33,569.2198663,0
38,34,570.1242918,0
38,35,565.6868585,0
38,36,486.029417,0
38,130,407.6283934,0
38,131,717.9812391,0
38,132,616.686152,0
38,133,562.1257386,0
38,134,560.3176407,0
38,135,626.2351235,0
38,136,586.4769726,0
38,137,454.3593378,0
38,138,437.1556889,0
38,139,552.0964082,0
38,140,423.5495056,0
38,141,286.93536,0
38,142,136.2488078,0
38,152,546.0757416,0
38,157,380.2443201,0
38,158,145.6210593,0
39,15,216.1214744,0
39,16,148.0852595,0
39,17,542.5034759,0
39,18,643.0115201,0
39,19,540.9452362,0
39,24,234.6120966,26273
39,25,567.6234328,26273
39,26,740.5102088,26273
39,30,247.0453368,0
39,31,254.3004767,0
39,36,516.5293138,0
39,37,446.9942639,0
39,131,168.0628363,0
39,132,494.7302377,0
39,137,337.6262065,0
39,138,270.2870746,0
39,140,275.1971235,0
39,141,487.056434,0
39,152,545.9206815,0
39,158,120.9528941,0
40,9,286.2078233,0
40,10,1017.137624,0
40,11,961.9732607,0
40,12,937.5007302,0
40,13,652.8453458,0
40,14,648.5125585,0
40,15,511.4575935,0
40,16,596.660438,0
40,18,152.4652824,0
40,22,170.8350865,26273
40,23,689.1384412,26273
40,24,523.2757157,26273
40,37,371.9093566,0
40,38,510.8636699,0
40,132,543.5230679,0
40,138,681.7404421,0
40,141,608.8193545,0
40,152,611.2968258,0
41,9,628.7565502,0
41,10,107.7747098,0
41,11,365.6515213,0
41,12,249.5483549,0
41,20,213.9768223,26273
41,21,340.1061005,26273
41,22,770.1125068,26273
41,38,512.9391197,0
41,39,835.7047743,0
41,44,414.8498897,0
41,45,104.8776579,0
41,132,329.2624121,0
41,133,430.8734054,0
41,138,52.89319058,0
41,139,720.764669,0
41,141,88.7244975,0
41,142,671.1722908,0
41,152,79.14167886,0
41,153,679.5991512,0
42,8,337.1489211,0
42,9,271.8792591,0
42,11,550.5329549,0
42,21,922.10862,26273
42,22,284.694598,26273
42,37,467.7726148,0
42,38,344.0831748,0
42,44,260.1463255,0
42,45,279.1431391,0
42,129,294.9880598,0
42,130,564.5899445,0
42,131,552.4985798,0
42,132,476.7647259,0
42,133,335.2256556,0
42,134,628.8532467,0
42,135,574.4447558,0
42,136,192.6944416,0
42,140,532.1878662,0
42,141,639.6573027,0
42,142,231.4360859,0
42,143,450.4000739,0
42,153,142.9442418,0
42,154,430.7368761,0
43,8,553.8888316,0
43,11,517.1108889,0
43,19,279.9057252,26273
43,20,932.0306965,26273
43,21,25.48906417,26273
43,37,375.3674702,0
43,44,523.258638,0
43,116,558.8123117,0
43,117,510.8562713,0
43,118,249.5901662,0
43,119,528.5173136,0
43,120,530.5032768,0
43,121,632.8228095,0
43,122,512.5389001,0
43,123,524.6580212,0
43,124,542.9624681,0
43,125,467.7012732,0
43,129,155.6632265,0
43,130,515.5657007,0
43,131,728.7334821,0
43,132,437.7827249,0
43,133,111.7781002,0
43,136,428.7336002,0
43,137,563.4009014,0
43,138,579.877757,0
43,142,590.5704319,0
43,143,203.4275906,0
43,154,531.7793789,0
44,7,416.8054262,0
44,8,210.1397234,0
44,11,517.9983839,0
44,19,546.3023608,26273
44,20,645.2171919,26273
44,42,240.6816345,0
44,43,740.2745308,0
44,44,490.3241604,0
44,118,639.4291537,0
44,119,176.0364721,0
44,125,224.4369548,0
44,126,571.596909,0
44,127,577.6145337,0
44,128,799.0564281,0
44,129,525.4347504,0
44,130,453.0047588,0
44,132,702.0981969,0
44,133,761.0694243,0
44,138,335.0312188,0
44,139,270.6242386,0
44,143,456.9121147,0
44,144,280.0135809,0
44,154,613.7335188,0
45,5,370.959857,0
45,6,583.5329678,0
45,7,633.1739267,0
45,11,324.6751104,0
45,12,208.5607954,0
45,19,152.8099302,26273
45,20,441.4424786,26273
45,40,245.8572543,0
45,41,613.2299861,0
45,42,1036.42943,0
45,43,559.7635449,0
45,119,580.5260909,0
45,120,257.0317313,0
45,128,223.5480105,0
45,130,118.1482531,0
45,131,543.3754933,0
45,132,911.8186271,0
45,133,222.8859807,0
45,134,630.4458618,0
45,139,432.0629763,0
45,140,640.6422698,0
45,144,105.7716436,0
45,154,308.9002019,0
46,6,528.699918,0
46,11,546.560417,0
46,19,681.5045639,26273
46,36,645.8010322,0
46,37,523.5838766,0
46,38,574.5844702,0
46,39,557.378401,0
46,40,277.4803866,0
46,41,545.8253055,0
46,42,284.3351556,0
46,43,323.5405476,0
46,44,243.5925657,0
46,120,541.8733947,0
46,134,264.7837952,0
46,135,701.3472664,0
46,136,234.6657011,0
46,140,162.7419003,0
46,141,21.85618639,0
47,6,517.8043551,0
47,11,590.5021488,0
47,18,82.50636184,26273
47,19,21.41599876,26273
47,34,318.0059615,0
47,35,577.9991304,0
47,36,63.92247151,0
47,39,102.4402275,0
47,40,561.629912,0
47,41,919.8757906,0
47,44,553.7669738,0
47,120,212.4857268,0
47,121,563.827168,0
47,122,536.5391701,0
47,123,487.6916592,0
47,124,141.6422681,0
47,136,398.0153117,0
47,137,478.3328447,0
48,6,526.1654891,0
48,11,531.493416,0
48,23,304.6784828,0
48,24,658.9415909,0
48,25,139.99467,0
48,26,547.9537848,0
48,27,236.2974385,0
48,31,462.7956537,0
48,32,610.4994374,0
48,33,789.0494405,0
48,34,429.5460702,0
48,35,428.6541872,0
48,36,567.3312066,0
48,37,603.9503654,0
48,38,572.699583,0
48,39,467.1275353,0
48,40,179.6922448,0
48,41,544.5913539,0
48,44,508.304559,0
48,119,72.53867904,0
48,120,555.0424526,0
48,121,458.9368935,0
48,122,45.16018197,0
48,123,61.5784839,0
48,124,487.5939117,0
48,125,627.9610373,0
48,126,706.6581367,0
48,127,383.242618,0
48,137,320.4560945,0
48,138,348.4142837,0
49,6,84.61593517,0
49,11,472.6895547,0
49,23,858.8046646,0
49,25,474.9177079,0
49,26,200.4604182,0
49,27,369.1116301,0
49,28,601.3709629,0
49,29,593.7376913,0
49,30,540.1665478,0
49,31,463.3520847,0
49,33,401.4457607,0
49,34,593.3732475,0
49,35,176.529364,0
49,39,54.81194072,0
49,40,625.514884,0
49,44,687.6624152,0
49,118,107.1716176,0
49,119,685.4090744,0
49,121,82.63954074,0
49,122,526.889828,0
49,123,588.9442191,0
49,124,221.6597813,0
49,127,279.0496109,0
49,128,600.0233364,0
49,129,332.786024,0
49,138,316.4635323,0
49,139,402.6222103,0
50,20,449.2791712,0
50,21,413.3181204,0
50,22,696.7602728,0
50,23,57.66974426,0
50,29,117.2977107,0
50,30,191.8555515,0
50,31,383.567522,0
50,32,1045.087585,0
50,33,306.5343667,0
50,38,198.873959,0
50,39,765.9242207,0
50,40,190.9655773,0
50,43,615.7195884,0
50,44,75.32748682,0
50,116,744.3775785,0
50,117,799.5779872,0
50,118,498.2345149,0
50,124,473.6117213,0
50,125,714.7882554,0
50,139,543.3860406,0
51,21,121.9498857,0
51,22,31.10744459,0
51,30,680.8853741,0
51,31,251.6891796,0
51,37,287.308648,0
51,38,790.7206903,0
51,39,115.1759818,0
51,43,546.2486377,0
51,116,273.0448173,0
51,117,403.4858717,0
51,118,305.672451,0
51,125,754.0952445,0
51,126,614.2035835,0
51,127,406.410135,0
51,139,197.7938243,0
51,140,375.0807124,0
52,20,213.0808996,0
52,21,575.2301396,0
52,22,425.7419562,0
52,24,169.7389785,0
52,29,817.9189881,0
52,30,288.6982527,0
52,36,536.8626459,0
52,37,962.9107695,0
52,43,567.3544235,0
52,126,598.9371114,0
52,127,675.4626867,0
52,128,37.75447783,0
53,19,277.0627763,0
53,20,489.6409045,0
53,22,240.5216479,0
53,23,676.0183784,0
53,24,564.9669729,0
53,25,576.0056511,0
53,26,660.4308407,0
53,27,916.5892689,0
53,28,661.0588751,0
53,29,81.02381484,0
53,34,152.230841,0
53,35,835.0945577,0
53,36,643.2842606,0
53,37,419.034079,0
53,42,326.1809674,0
53,43,639.6501415,0
53,47,342.7142583,0
53,127,431.0390691,0
53,128,625.3714846,0
54,32,50.65900554,0
54,33,746.7469205,0
54,34,606.3309595,0
54,35,123.1875396,0
54,36,707.7330211,0
54,41,669.0711653,0
54,42,260.6418853,0
54,43,268.1631523,0
54,44,564.4053313,0
54,45,537.0229711,0
54,46,527.8993363,0
54,47,256.6090326,0
54,48,586.2033617,0
54,49,507.2545634,0
54,116,327.4787544,0
54,117,537.4223232,0
54,118,336.4071917,0
54,128,463.8054381,0
54,129,399.465152,0
55,28,306.2860756,0
55,29,659.6181485,0
55,30,602.4045109,0
55,31,723.3945663,0
55,32,1000.850418,0
55,33,267.6263474,0
55,34,616.1291201,0
55,35,565.4603441,0
55,39,70.92809265,0
55,40,659.4914966,0
55,41,74.06420078,0
55,42,308.5233403,0
55,43,485.6208125,0
55,50,498.2310842,0
55,51,506.7512889,0
55,116,189.0948658,0
55,118,252.9497941,0
55,119,606.6257099,0
55,120,309.7405792,0
55,129,597.2730936,0
55,130,148.7682513,0
56,15,479.8640317,0
56,16,573.2500253,0
56,17,999.117538,0
56,18,543.2430873,0
56,19,707.2935632,0
56,20,627.109721,0
56,21,590.2829326,0
56,22,199.3117914,0
56,26,32.82915957,0
56,27,681.6558802,0
56,28,348.3934273,0
56,31,366.015563,0
56,32,576.7446767,0
56,33,477.6564393,0
56,38,38.34429158,0
56,39,685.9251365,0
56,42,614.6291134,0
56,120,437.2498854,0
56,121,533.5684789,0
56,122,466.0178342,0
56,124,11.71962541,0
56,125,589.9267783,0
56,126,493.1914927,0
56,130,611.2579665,0
56,131,249.0432868,0
57,13,420.6489269,0
57,14,932.6622007,0
57,15,122.7250662,0
57,16,52.52296237,0
57,17,503.6467803,0
57,22,637.693018,0
57,26,743.7564918,0
57,31,662.091788,0
57,32,305.8206434,0
57,37,218.4832432,0
57,38,641.1070772,0
57,42,84.42154403,0
57,122,118.2231558,0
57,123,538.1335466,0
57,124,567.949708,0
57,126,76.1373092,0
57,127,128.0206174,0
57,131,395.4339237,0
57,132,756.4167704,0
58,13,296.6518409,0
58,14,437.6425796,0
58,16,54.85193127,0
58,22,452.2628508,0
58,23,929.3776763,0
58,24,574.7163421,0
58,25,689.4633956,0
58,26,433.6857947,0
58,28,563.7760068,0
58,29,577.9912588,0
58,30,691.3264317,0
58,31,143.3115283,0
58,36,42.47499605,0
58,37,650.3977672,0
58,132,26.03778311,0
58,133,727.0703599,0
58,134,560.6025589,0
58,135,538.3360554,0
58,136,461.1492253,0
58,137,179.5966342,0
59,27,984.5691767,0
59,28,645.2666314,0
59,29,115.1821181,0
59,36,537.4202636,0
59,113,607.2431265,0
59,114,529.9259785,0
59,115,502.1836473,0
59,134,16.08886554,0
59,136,70.74750395,0
59,137,362.1202325,0
59,138,535.6163867,0
59,141,336.7102871,0
59,142,509.1673894,0
59,143,531.0079729,0
59,144,86.63141628,0
60,25,31.69193902,0
60,26,848.3528991,0
60,27,174.6351812,0
60,28,552.367859,0
60,36,553.4691544,0
60,115,338.2019874,0
60,116,569.8241348,0
60,117,396.4655208,0
60,138,221.5440028,0
60,139,516.3874354,0
60,140,523.5451802,0
60,141,233.8672549,0
60,144,468.1918048,0
60,145,501.9838856,0
61,22,98.4269613,0
61,23,693.0681033,0
61,24,613.3006616,0
61,25,1038.768894,0
61,26,102.7305547,0
61,28,548.0172033,26458
61,117,281.3235103,0
61,118,548.0014446,0
61,119,530.590896,0
61,120,446.7468884,0
61,126,19.65764091,0
61,127,453.8888593,0
61,145,105.8842986,0
61,146,550.3243628,0
61,147,313.3923019,0
62,16,243.2402672,0
62,17,522.1984383,0
62,18,516.1266996,0
62,19,509.963988,0
62,20,555.7762882,0
62,21,705.6869114,0
62,22,684.1917226,0
62,25,533.8764824,0
62,28,533.1843899,26458
62,113,51.75595966,0
62,114,1268.416607,0
62,120,213.0735457,0
62,121,669.1738993,0
62,122,567.9479672,0
62,123,542.999678,0
62,124,540.1138693,0
62,125,528.561463,0
62,126,577.9818594,0
63,10,213.6367874,0
63,11,172.9160924,0
63,21,562.4650823,0
63,25,542.1638755,0
63,28,524.3341895,26458
63,114,525.3427734,0
63,132,93.58389545,0
63,133,528.5649959,0
63,134,468.3904339,0
64,11,569.2281551,0
64,12,431.1837805,0
64,13,27.49115759,0
64,16,38.84509616,0
64,17,248.2556634,0
64,20,634.0214428,0
64,21,54.7610331,0
64,24,179.0578961,0
64,25,700.1843605,0
64,28,532.8642327,26458
64,113,158.2431356,0
64,114,511.3226309,0
64,128,272.8059609,0
64,129,573.1081969,0
64,130,532.726012,0
64,131,541.3275921,0
64,132,432.0861486,0
64,134,89.06241738,0
64,135,540.37638,0
64,136,535.2991278,0
64,137,536.6160705,0
64,138,60.2486112,0
65,12,479.3339225,0
65,13,1108.353536,0
65,14,42.10471899,0
65,15,586.4534393,0
65,16,496.5715797,0
65,17,638.0589391,0
65,18,545.3166769,0
65,19,804.4142659,0
65,20,218.8171059,0
65,23,536.0870215,0
65,24,416.3852392,0
65,27,524.1279262,26458
65,28,24.19284001,26458
65,112,155.1502283,0
65,113,541.4329,0
65,126,173.6510928,0
65,127,620.6096653,0
65,128,291.0174782,0
66,14,674.6003519,0
66,15,415.0659541,0
66,19,579.9128399,0
66,22,837.5653365,0
66,23,133.4346255,0
66,26,33.92702011,26458
66,27,848.6733621,26458
66,50,374.6380295,0
66,51,385.0198148,0
66,110,490.9541806,0
66,111,526.3921844,0
66,112,735.501675,0
66,124,364.3411007,0
66,125,589.637553,0
66,126,381.8269967,0
67,18,397.1100161,0
67,19,662.7839365,0
67,21,209.1604681,0
67,22,423.4514801,0
67,26,560.315169,26458
67,45,417.9842145,0
67,46,722.7639554,0
67,47,606.5968469,0
67,48,557.0026101,0
67,49,583.8602609,0
67,50,146.5257168,0
67,51,166.0090669,0
67,52,601.2596134,0
67,53,104.3104139,0
67,109,539.2768175,0
67,110,117.7167082,0
67,122,363.6128466,0
67,123,603.2898287,0
67,124,307.1370888,0
68,11,328.074762,0
68,12,65.36195308,0
68,16,521.6480201,0
68,17,797.9648168,0
68,18,280.8302564,0
68,21,817.0280082,0
68,25,308.3191643,26458
68,26,464.3634918,26458
68,41,510.957475,0
68,42,415.1088206,0
68,43,544.2448619,0
68,44,719.2962614,0
68,45,420.8133487,0
68,53,611.3264996,0
68,54,82.62415777,0
68,109,550.3799964,0
68,121,504.8887518,0
68,122,265.2750443,0
68,128,334.9811574,0
68,129,741.6830417,0
68,130,585.5100551,0
68,131,552.1894663,0
68,132,534.343845,0
68,133,239.457234,0
69,12,513.5501105,0
69,13,996.5695638,0
69,14,559.9352209,0
69,15,631.7037884,0
69,16,127.4367091,0
69,17,194.3695516,0
69,18,246.7906415,0
69,19,557.9854675,0
69,20,682.3783674,0
69,21,12.27538238,0
69,23,266.420651,26458
69,24,267.0123998,26458
69,25,849.8914038,26458
69,39,507.121544,0
69,40,545.8633018,0
69,41,10.009275,0
69,42,184.1573072,0
69,54,609.1876381,0
69,55,337.5318965,0
69,109,511.7778164,0
69,120,620.9038194,0
69,121,252.7459121,0
69,127,381.7158178,0
69,128,392.7173564,0
70,10,119.2882268,0
70,11,305.6691584,0
70,12,477.4548587,0
70,13,99.55547217,0
70,16,308.2144722,0
70,17,582.2536902,0
70,18,421.5549637,0
70,19,511.7687848,0
70,20,467.7672548,0
70,22,702.2398404,26458
70,23,287.4264498,26458
70,24,372.5046524,26458
70,35,13.99235693,0
70,36,546.8074971,0
70,37,585.4626651,0
70,38,680.4979775,0
70,39,321.707837,0
70,54,598.6606263,0
70,55,344.7056318,0
70,109,181.7702055,0
70,117,108.2615313,0
70,119,250.051076,0
70,120,307.7153087,0
70,126,500.9418952,0
70,127,371.2667419,0
71,10,395.8373608,0
71,11,210.9792137,0
71,12,798.378497,0
71,16,653.2948803,0
71,20,574.3672774,0
71,21,387.613127,26458
71,22,194.7562637,26458
71,33,544.540329,0
71,34,572.2317369,0
71,35,588.2818056,0
71,48,521.6140487,0
71,49,554.2798894,0
71,50,517.604647,0
71,51,508.9243163,0
71,52,500.9389465,0
71,53,983.1520812,0
71,54,104.3015306,0
71,116,390.4719041,0
71,117,567.5014562,0
71,118,149.2784247,0
71,119,570.6160858,0
71,124,110.1412945,0
71,125,676.2857759,0
71,126,110.1196397,0
72,11,302.3408271,0
72,12,215.582413,0
72,15,265.2344685,0
72,16,306.2352463,0
72,20,605.6491554,0
72,21,369.5708947,26458
72,22,148.7745295,26458
72,31,492.5010898,0
72,32,659.268592,0
72,33,60.3246009,0
72,43,535.0565624,0
72,44,628.4854714,0
72,45,521.2886224,0
72,46,534.4811479,0
72,47,704.6723571,0
72,48,99.65443015,0
72,52,85.5761331,0
72,53,434.7924263,0
72,113,186.6382693,0
72,114,525.2637075,0
72,115,617.436898,0
72,116,184.5423658,0
72,117,999.4318633,0
72,118,130.8026867,0
72,119,540.9602487,0
72,120,112.9060259,0
72,121,589.9651851,0
72,122,642.1412425,0
72,123,527.9960767,0
72,124,444.1611171,0
73,11,366.9283853,0
73,15,684.9681901,0
73,20,104.1036788,0
73,21,551.7518708,26458
73,29,78.5482528,0
73,30,628.3466139,0
73,31,268.4537549,0
73,39,149.0258143,0
73,40,621.7798711,0
73,41,543.6839955,0
73,42,623.433256,0
73,43,115.8824052,0
73,49,264.0410367,0
73,50,535.7986195,0
73,51,533.4797227,0
73,52,587.1464579,0
73,117,382.0150212,0
73,119,1201.876242,0
73,120,648.1727404,0
74,14,429.1237723,0
74,15,176.0535257,0
74,21,915.2857148,26458
74,28,291.0211231,0
74,29,589.7892066,0
74,37,611.4165987,0
74,38,548.9202857,0
74,39,470.4410111,0
74,45,155.2054516,0
74,46,525.8418805,0
74,47,835.8928725,0
74,48,638.6092493,0
74,49,346.4164873,0
74,140,394.6981104,0
74,141,531.7753454,0
74,142,544.9146605,0
74,143,195.2074945,0
75,14,615.534541,0
75,20,703.9648474,26458
75,21,526.1140939,26458
75,27,248.0920351,0
75,28,469.688567,0
75,35,86.35367625,0
75,36,638.3606909,0
75,37,110.4381631,0
75,43,512.7011679,0
75,44,527.1417421,0
75,45,458.562429,0
75,46,216.0658972,0
75,47,380.4042813,0
75,139,432.4516889,0
75,140,279.0773337,0
76,19,677.0854591,26458
76,20,53.69415279,26458
76,21,609.1423141,26458
76,27,560.1843673,0
76,32,302.8450475,0
76,33,541.2696893,0
76,34,541.8204842,0
76,35,516.5414637,0
76,45,412.0354215,0
76,46,973.6378655,0
76,137,30.04408291,0
76,138,542.6825556,0
76,139,481.6822503,0
77,18,482.2830038,26458
77,19,68.57723903,26458
77,20,162.8154241,26458
77,21,396.1270047,26458
77,31,153.717109,0
77,32,544.6779909,0
77,43,260.8609471,0
77,44,624.3557225,0
77,45,576.6743351,0
77,134,701.1041339,0
77,135,526.8246246,0
77,136,577.1473383,0
77,137,557.4431471,0
77,148,264.5048683,0
77,149,400.5241379,0
78,17,367.8193157,26458
78,18,617.8493394,26458
78,20,633.5104342,26458
78,31,53.88127787,0
78,42,418.8777195,0
78,43,352.9079481,0
78,122,35.84182811,0
78,123,519.3384393,0
78,124,563.0731361,0
78,125,540.3297603,0
78,127,218.1867219,0
78,128,296.0792379,0
78,129,587.7022462,0
78,130,544.7044099,0
78,131,629.9036252,0
78,132,542.6086767,0
78,133,619.2379422,0
78,134,16.15211811,0
78,138,195.2749515,0
78,139,576.7585757,0
78,144,280.0129694,0
78,145,504.9975639,0
78,146,120.6659318,0
78,148,550.8679829,0
79,16,109.3960243,26458
79,17,310.4486323,26458
79,19,150.6331352,26458
79,20,434.430644,26458
79,40,230.3207213,0
79,41,548.146923,0
79,42,280.8352014,0
79,44,667.6608375,0
79,118,893.6032356,0
79,119,502.0446837,0
79,120,506.4292025,0
79,121,529.2128781,0
79,122,500.2251923,0
79,125,47.7815664,0
79,126,778.6085345,0
79,127,356.7421031,0
79,128,253.593484,0
79,129,200.9698462,0
79,130,441.0211089,0
79,131,511.8566065,0
79,132,516.1172292,0
79,133,529.4623916,0
79,134,508.0220715,0
79,135,551.4758836,0
79,136,536.34896,0
79,137,566.6900059,0
79,138,373.5706197,0
79,140,526.7421289,0
79,141,510.0116836,0
79,142,519.0074519,0
79,143,526.6299879,0
79,144,253.4121976,0
79,146,416.1660387,0
79,147,518.5778756,0
79,148,197.5245169,0
80,19,594.3237228,26458
80,39,411.7789248,0
80,40,531.1895587,0
80,43,684.8463419,0
80,44,100.5670131,0
80,108,183.1636583,0
80,109,298.1640473,0
80,127,134.3595495,0
80,128,638.9607901,0
80,129,354.2219687,0
80,130,91.72900238,0
80,131,29.78098547,0
81,18,349.9654551,26458
81,19,303.9290714,26458
81,38,73.98100818,0
81,39,279.1534149,0
81,42,633.8113576,0
81,43,336.0313687,0
81,107,738.1987034,0
81,108,734.9469329,0
81,125,265.6635662,0
81,126,541.2261548,0
81,127,468.1797191,0
81,146,642.3441765,0
81,147,79.21404828,0
82,38,540.1897823,0
82,39,578.4266187,0
82,40,637.0348322,0
82,41,526.8980053,0
82,42,654.0443936,0
82,123,562.4960441,0
82,124,540.6362419,0
82,125,328.4076758,0
82,142,237.1102789,0
82,143,529.0713215,0
82,144,589.5302852,0
82,145,548.8735384,0
82,146,121.0047696,0
83,36,303.0965182,0
83,37,605.2556691,0
83,38,75.08077134,0
83,41,307.482281,0
83,42,355.4484873,0
83,120,101.6306626,0
83,121,642.866916,0
83,122,532.7689691,0
83,128,599.3931523,0
83,129,146.0371919,0
83,140,302.2834259,0
83,141,599.6037341,0
83,142,408.4419434,0
84,36,585.1771295,0
84,39,95.83416473,26438
84,40,718.1919645,26438
84,41,390.0400617,26438
84,120,675.0748427,0
84,127,422.2004998,0
84,128,208.012449,0
84,138,100.4713532,0
84,139,642.3413461,0
84,140,243.6687998,0
85,34,344.3414582,0
85,35,579.6755765,0
85,36,69.95219915,0
85,39,145.0524983,26438
85,40,503.8610883,26438
85,123,523.2513344,0
85,124,432.3331235,0
85,125,359.0980941,0
85,126,474.1786388,0
85,127,443.8052805,0
85,136,390.9610088,0
85,137,587.9172005,0
85,138,523.5939233,0
85,141,545.3401829,0
85,142,523.9738054,0
85,143,170.719589,0
86,31,360.0139311,0
86,32,787.5489693,0
86,33,592.3282272,0
86,34,273.1900894,0
86,39,269.7567097,26438
86,40,433.761588,26438
86,58,189.5424517,0
86,59,521.8566655,0
86,60,486.9636724,0
86,124,111.0449026,0
86,125,220.49092,0
86,126,135.8920436,0
86,131,247.4827973,0
86,132,295.9810366,0
86,133,544.4372147,0
86,134,573.6828727,0
86,135,601.794922,0
86,136,277.2646354,0
86,139,99.88867609,0
86,140,835.8748884,0
86,141,43.87288502,0
86,148,249.330627,0
87,31,738.8709106,0
87,32,235.5573985,0
87,39,594.9672793,26438
87,57,141.0917526,0
87,58,546.8523192,0
87,60,43.0752571,0
87,61,526.4968329,0
87,126,180.3734007,0
87,127,335.3403777,0
87,129,82.95489914,0
87,130,720.182426,0
87,131,360.0623996,0
87,132,328.8702896,0
87,133,46.17863552,0
87,134,14.15286542,0
87,135,601.892183,0
87,136,557.9877171,0
87,137,662.749368,0
87,138,582.4476324,0
87,139,787.0907415,0
87,141,297.9891789,0
87,142,548.3527167,0
87,143,514.8769164,0
87,144,562.8488134,0
87,145,556.210004,0
87,146,581.2257871,0
87,147,542.7822019,0
87,148,261.9760006,0
87,149,528.5923006,0
87,150,545.3805937,0
87,151,543.6526688,0
87,152,164.3877693,0
88,30,33.60537478,0
88,31,530.2628456,0
88,39,766.3099312,26438
88,40,298.1678938,26438
88,55,125.0022179,26514
88,56,571.6038507,26514
88,57,981.5847513,26514
88,126,1027.057416,0
88,127,585.8780861,0
88,128,598.9409563,0
88,129,811.4968275,0
88,130,682.7428994,0
88,131,1090.710037,0
88,132,769.204792,0
88,133,526.3783759,0
88,134,611.5231262,0
88,135,67.72360632,0
88,136,151.8748839,0
88,137,411.491046,0
88,138,47.5827691,0
88,140,452.24579,0
88,141,698.9252768,0
89,29,324.7559725,0
89,30,643.9927777,0
89,39,620.5996458,26438
89,40,532.3123706,26438
89,54,360.9784212,26514
89,55,466.7700445,26514
89,57,594.8504467,26514
89,122,1038.830836,0
89,123,1110.578369,0
89,124,517.1521985,0
89,125,640.7156759,0
89,126,76.59473875,0
89,132,390.3828142,0
89,133,568.9782291,0
89,134,538.8836442,0
89,135,552.8840744,0
89,136,403.9464598,0
89,137,344.1431538,0
89,138,529.9089444,0
89,139,680.1565144,0
89,140,260.1375026,0
90,28,49.80665304,0
90,29,558.4736079,0
90,39,590.8577689,26438
90,40,561.3255234,26438
90,54,623.0198332,26514
90,56,276.3098521,26514
90,57,586.9016593,26514
90,132,194.4162724,0
91,27,448.1415696,0
91,28,572.1531282,0
91,38,164.8012235,26438
91,39,482.3529627,26438
91,40,673.6171279,26438
91,51,600.2277039,26514
91,52,550.6595347,26514
91,53,833.3730138,26514
91,54,312.4322152,26514
91,55,475.4793565,26514
91,56,367.9050757,26514
91,126,535.6318984,0
91,127,61.35416762,0
91,128,136.8678194,0
91,129,82.24927604,0
91,130,586.3037875,0
91,131,543.0539605,0
91,132,335.9344608,0
91,133,523.1797813,0
91,134,555.8578262,0
91,135,527.2152298,0
91,136,528.6168671,0
91,137,531.0064504,0
91,138,92.08080517,0
92,24,466.2317104,0
92,25,535.4576076,0
92,26,519.0582915,0
92,27,186.8306069,0
92,38,613.4138866,26438
92,39,141.7569749,26438
92,40,950.593015,26438
92,49,121.5055239,26514
92,50,580.5278316,26514
92,51,245.5968018,26514
92,53,274.0602262,26514
92,54,931.8673185,26514
92,55,198.8767824,26514
92,68,162.1545685,0
92,126,253.0997211,0
92,127,500.8154448,0
92,128,374.9814459,0
92,129,487.4092681,0
93,24,647.1582173,0
93,36,254.7343976,26438
93,37,520.5224836,26438
93,38,460.6953347,26438
93,39,550.448441,26438
93,40,560.9986118,26438
93,49,217.3873894,26514
93,52,50.0850979,26514
93,53,780.9635326,26514
93,54,403.131576,26514
93,67,84.60813526,0
93,68,662.9142585,0
93,69,47.28869299,0
93,70,196.967855,0
93,79,503.5664943,0
94,23,91.18823938,0
94,24,895.5400368,0
94,35,357.2662192,26438
94,36,334.5564682,26438
94,38,430.2632398,26438
94,39,315.5034984,26438
94,40,629.2935272,26438
94,52,686.7632836,26514
94,53,578.9482525,26514
94,64,294.6508382,0
94,65,533.1766762,0
94,66,527.2394101,0
94,67,462.7967053,0
94,68,1005.021892,0
94,69,434.5559901,0
94,74,655.9928274,0
94,75,20.55757114,0
94,79,512.5113472,0
94,128,412.7320798,0
94,136,426.8930154,0
94,137,561.1945114,0
94,138,521.1215941,0
94,139,541.798114,0
94,140,522.4740288,0
94,141,101.3465421,0
95,21,760.3113301,0
95,22,657.610149,0
95,23,699.9268396,0
95,24,442.3824276,0
95,35,622.2813384,26438
95,37,257.7601213,26438
95,38,385.8759972,26438
95,40,1127.045846,26438
95,51,573.8717712,26514
95,52,214.0989841,26514
95,53,332.617311,26514
95,63,245.2135654,0
95,64,484.7066748,0
95,68,632.9548195,0
95,69,813.1358826,0
95,70,448.2448358,0
95,75,714.0281714,0
95,76,525.2674433,0
95,79,523.3721492,0
95,126,325.2337779,0
95,127,561.5988213,0
95,128,765.2256075,0
95,131,366.5071016,0
95,132,531.5290188,0
95,133,505.6551027,0
95,134,531.8420712,0
95,135,559.4359151,0
95,136,144.4476247,0
95,150,467.1217145,0
96,26,142.0540165,26438
96,27,273.0725649,26438
96,35,224.8492593,26438
96,37,574.150065,26438
96,39,234.0894223,26438
96,40,332.9984786,26438
96,41,627.6817361,26438
96,50,361.5028124,26514
96,51,198.8931247,26514
96,63,691.7504139,0
96,64,546.9520965,0
96,67,139.1258599,0
96,68,434.5518216,0
96,69,389.8018867,0
96,70,778.444022,0
96,71,137.1584524,0
96,76,235.8751314,0
96,77,314.5294603,0
96,79,556.8900175,0
96,128,399.5637979,0
96,129,516.5668066,0
96,130,814.1773838,0
96,131,318.3489767,0
96,146,591.9172028,0
96,147,460.2249755,0
96,148,685.7439322,0
96,149,646.0476365,0
96,150,313.4219841,0
96,151,430.0354023,0
97,27,261.2711094,26438
97,28,662.2480666,26438
97,34,33.67711109,26438
97,35,250.9233513,26438
97,36,111.7266928,26438
97,37,651.6987091,26438
97,39,40.95513442,26438
97,40,290.7371525,26438
97,41,113.8928283,26438
97,42,561.4444035,26438
97,49,85.81140773,26514
97,50,591.0829806,26514
97,63,577.7202793,0
97,64,507.8084983,0
97,67,683.0187082,0
97,69,86.97483801,0
97,70,645.0081766,0
97,71,631.9695746,0
97,76,523.8046999,0
97,77,96.46486572,0
97,79,518.5803717,0
97,130,93.22532824,0
97,131,45.90737438,0
97,142,348.1736077,0
97,143,525.2960378,0
97,144,531.4691249,0
97,145,515.9916369,0
97,146,83.10309692,0
97,147,80.51993786,0
97,157,22.78039192,0
97,158,69.11808668,0
98,28,95.18783608,26438
98,29,549.262587,26438
98,30,569.7195444,26438
98,31,594.4175433,26438
98,32,555.1310742,26438
98,33,765.4078356,26438
98,34,1088.119412,26438
98,35,1242.284844,26438
98,36,1358.159388,26438
98,41,485.8623534,26438
98,42,549.4845744,26438
98,49,351.2397064,26514
98,50,220.9809667,26514
98,61,37.21325546,0
98,62,695.3084517,0
98,63,82.21061795,0
98,64,518.3245138,0
98,65,160.1031172,0
98,66,27.34622244,0
98,67,615.2051156,0
98,69,559.5789314,0
98,71,331.1849638,0
98,75,61.06570607,0
98,76,455.7280011,0
98,79,564.9351833,0
98,128,546.5766655,0
98,139,226.2512547,0
98,140,688.6901688,0
98,141,524.1490819,0
98,142,330.7940169,0
98,156,34.76513494,0
98,157,679.1226391,0
99,33,391.7877496,26438
99,34,832.1245457,26438
99,35,305.0333858,26438
99,36,346.5566383,26438
99,49,533.7809783,26514
99,61,403.1219731,0
99,64,151.8514655,0
99,65,451.0417647,0
99,66,696.4734047,0
99,69,514.8910308,0
99,79,531.8570254,0
99,128,259.582057,0
99,129,572.5164848,0
99,136,107.450941,0
99,137,544.268913,0
99,138,601.9502903,0
99,139,327.8570925,0
99,156,537.8543626,0
100,27,107.5726453,26438
100,32,491.1937929,26438
100,33,250.5020936,26438
100,35,454.5186115,26438
100,36,95.27487494,26438
100,49,526.232828,26514
100,65,910.565588,0
100,66,691.9722013,0
100,67,139.4165534,0
100,69,506.478562,0
100,79,629.1279697,0
100,129,82.63587503,0
100,130,820.4941734,0
100,133,581.4073719,0
100,134,579.0439022,0
100,135,607.4850533,0
100,136,464.9983923,0
100,137,94.86886988,0
100,153,202.745636,0
100,154,536.3908109,0
100,155,795.4744117,0
100,156,472.7857187,0
101,27,371.8618315,26438
101,28,565.8200236,26438
101,29,558.0363158,26438
101,30,569.3427779,26438
101,31,527.0009408,26438
101,32,258.9848739,26438
101,36,90.47724839,26438
101,46,407.9519912,26514
101,47,150.3804185,26514
101,49,558.5173598,26514
101,64,474.7857894,0
101,65,705.772072,0
101,66,263.5616885,0
101,67,523.660311,0
101,68,255.9952609,0
101,69,587.4494709,0
101,79,28.40225008,0
101,80,616.8482964,0
101,94,507.2904534,0
101,95,508.462011,0
101,96,304.8819586,0
101,130,588.0339617,0
101,131,886.5307256,0
101,132,609.3687084,0
101,133,14.12562642,0
101,143,588.6875936,0
101,144,598.1935107,0
101,145,72.91027133,0
101,151,477.0423909,0
101,152,510.9474238,0
101,153,360.6274481,0
101,155,80.29687385,0
101,156,771.1341409,0
101,157,270.1875793,0
102,44,377.6718392,26514
102,45,563.9826228,26514
102,46,218.6807474,26514
102,47,411.5622169,26514
102,48,630.4350352,26514
102,49,1213.248867,26514
102,63,119.4398371,0
102,64,573.0592748,0
102,65,541.7384252,0
102,67,193.9229937,0
102,68,358.1849344,0
102,69,604.8137492,0
102,80,902.7090528,0
102,91,1135.525303,0
102,92,1066.897168,0
102,93,105.6284634,0
102,96,304.2035488,0
102,97,532.4543004,0
102,106,410.7402708,0
102,107,517.6604904,0
102,108,356.021823,0
102,131,376.2041706,0
102,132,415.2487145,0
102,135,170.0016457,0
102,136,18.95171654,0
102,142,814.2691157,0
102,143,686.224717,0
102,144,508.6242997,0
102,145,549.3304683,0
102,146,698.990467,0
102,147,533.1164962,0
102,148,546.2859718,0
102,149,511.1746538,0
102,150,567.1448836,0
102,151,225.0876483,0
102,157,332.6369159,0
102,158,551.233572,0
102,159,742.3640258,0
102,160,649.261307,0
102,161,67.65102514,0
103,43,276.5116894,26514
103,44,236.6765037,26514
103,49,556.3178686,26514
103,63,590.4917031,0
103,65,821.034131,0
103,67,185.1785227,0
103,68,403.6475577,0
103,69,516.1263363,0
103,70,109.8073598,0
103,80,1162.595104,0
103,81,39.55573349,0
103,90,517.4873574,0
103,91,662.566995,0
103,92,22.58014688,0
103,93,599.6400226,0
103,94,522.5647161,0
103,97,80.1337497,0
103,98,767.9918182,0
103,99,524.4356991,0
103,100,504.0019145,0
103,101,507.9051725,0
103,102,531.9190613,0
103,103,507.1301994,0
103,104,500.1620371,0
103,105,590.1988426,0
103,106,108.3620202,0
103,108,378.6954067,0
103,109,532.3019857,0
103,132,211.1366064,0
103,133,524.1821442,0
103,134,683.1011521,0
103,135,955.6409164,0
103,136,861.6480558,0
103,137,645.8174418,0
103,138,540.5030447,0
103,139,511.1817411,0
103,140,517.7172871,0
103,141,535.1009269,0
103,142,61.51993772,0
103,146,590.6285384,0
103,161,612.1022641,0
103,162,176.4774654,0
104,48,280.6403618,26514
104,49,249.6249086,26514
104,62,557.4745846,0
104,63,349.994716,0
104,64,661.7234086,0
104,65,123.3982863,0
104,68,664.806228,0
104,69,275.980699,0
104,70,547.1832604,0
104,75,191.5552098,0
104,77,445.4702412,0
104,78,540.0928025,0
104,79,647.4842032,0
104,80,740.0273864,0
104,85,36.35010954,0
104,86,502.3937234,0
104,89,590.5467353,0
104,90,724.8999393,0
104,91,568.6050526,0
104,94,533.0912904,0
104,98,568.8105858,0
104,109,226.1683417,0
104,118,515.7296742,0
104,119,303.2114687,0
104,122,39.20309403,0
104,136,234.3629327,0
104,137,510.0645661,0
104,146,81.00950798,0
104,147,654.9080533,0
104,155,319.512353,0
104,156,26.09335533,0
104,162,464.1225155,0
104,163,539.2842404,0
104,164,358.5472655,0
105,48,595.0824724,26514
105,53,642.8867889,0
105,54,579.849671,0
105,55,541.0135732,0
105,56,540.863487,0
105,60,604.7827655,0
105,61,566.8283799,0
105,62,156.3404927,0
105,64,577.8227026,0
105,69,544.8755519,0
105,70,525.6207626,0
105,74,52.42099239,0
105,75,341.3339094,0
105,76,562.5748136,0
105,77,133.0087806,0
105,80,505.1782242,0
105,87,1072.980666,0
105,88,673.3552217,0
105,89,882.6038355,0
105,90,414.2798122,0
105,91,387.4336884,0
105,92,301.9873857,0
105,94,617.7158844,0
105,98,536.4118111,0
105,119,211.0751588,0
105,120,526.7548982,0
105,121,600.5636259,0
105,122,599.0971373,0
105,123,471.0017956,0
105,137,548.3497111,0
105,138,396.3491557,0
105,147,52.31597455,0
105,148,546.4209087,0
105,149,544.1571564,0
105,150,516.9439366,0
105,151,563.7499037,0
105,152,446.26907,0
105,153,585.8900375,0
105,154,546.2331894,0
105,155,714.16189,0
105,156,485.3661177,0
105,164,79.3743111,0
106,48,560.3495136,26514
106,51,207.4657303,0
106,52,678.481737,0
106,53,31.45585454,0
106,56,187.7246561,0
106,57,610.9476577,0
106,58,625.487391,0
106,59,835.5204875,0
106,60,250.611424,0
106,64,372.9809978,0
106,65,236.1239929,0
106,69,541.8934823,0
106,70,402.6315733,0
106,71,152.3912005,0
106,80,475.6010622,0
106,86,262.2868564,0
106,87,318.1719715,0
106,88,278.5556698,0
106,89,182.0741169,0
106,90,538.3637092,0
106,92,540.364727,0
106,94,59.88870822,0
106,95,565.4222776,0
106,98,155.4004529,0
106,117,339.0941787,0
106,118,166.5140995,0
106,123,783.219696,0
106,124,107.6815824,0
106,138,554.6950544,0
106,139,653.6766596,0
106,140,302.505882,0
106,152,225.005811,0
106,156,143.0156101,0
106,157,557.4064653,0
106,158,526.8660125,0
106,159,570.0048213,0
106,160,228.0929068,0
107,47,597.6137124,26514
107,48,20.49432767,26514
107,50,17.94880516,0
107,51,589.4394357,0
107,58,519.3843039,0
107,60,544.2106123,0
107,65,527.107785,0
107,69,551.0093893,0
107,70,78.51671565,0
107,71,185.7481208,0
107,86,547.4930543,0
107,90,532.6412,0
107,92,519.31528,0
107,94,290.754191,0
107,95,477.0331911,0
107,118,562.0743138,0
107,123,527.3162563,0
107,124,498.3801967,0
107,125,598.104288,0
107,126,61.62297421,0
107,139,370.8153056,0
107,140,260.4860958,0
107,141,622.4849891,0
107,142,16.88772367,0
108,46,441.2245209,26514
108,47,337.5371482,26514
108,50,400.8933291,0
108,58,541.2137969,0
108,60,529.8828163,0
108,85,126.010664,0
108,86,863.4334243,0
108,89,134.0891407,0
108,90,409.406929,0
108,92,534.3010991,0
108,94,435.1040101,0
108,95,643.767153,0
108,118,717.5757606,0
108,123,189.8387758,0
108,124,790.8720789,0
108,126,518.9231143,0
108,127,599.1556593,0
108,128,322.9414654,0
109,44,159.7339707,26514
109,45,546.7040093,26514
109,46,429.7325014,26514
109,58,534.0939262,0
109,60,582.0634646,0
109,84,535.1455963,0
109,85,644.5828926,0
109,86,405.0007744,0
109,87,150.2101317,0
109,89,160.4831466,0
109,92,548.4569632,0
109,94,454.1524159,0
109,95,646.2695967,0
109,96,90.13401809,0
109,118,290.3940057,0
109,119,408.0304108,0
109,124,218.9337445,0
109,125,211.0956692,0
109,128,91.25740709,0
110,58,597.4246324,0
110,60,523.6271556,0
110,83,747.7374387,0
110,84,44.21052644,0
110,86,183.7594634,0
110,87,334.6822603,0
110,92,566.2201495,0
110,94,528.0171118,0
110,96,541.6557578,0
110,119,535.0675954,0
110,121,265.3726979,0
111,58,523.7360986,0
111,60,877.6998762,0
111,61,403.813254,0
111,82,682.4204846,0
111,86,523.9574185,0
111,92,450.1263361,0
111,93,199.1795853,0
111,95,622.9614176,0
111,96,564.8569736,0
111,119,1000.227301,0
111,120,1019.68072,0
111,121,293.7841728,0
112,57,329.9229223,0
112,58,258.090526,0
112,60,523.489315,0
112,81,870.5330755,0
112,82,222.7236421,0
112,86,209.8101038,0
112,87,318.3648564,0
112,93,605.5918435,0
112,95,473.1523433,0
112,96,607.5968597,0
112,119,571.1922883,0
112,125,256.619,0
113,57,573.3090207,0
113,59,386.8932855,0
113,60,250.8969813,0
113,80,371.7868613,0
113,81,749.4347078,0
113,87,518.5836907,0
113,91,140.3977453,0
113,92,658.8366077,0
113,93,557.6181375,0
113,95,76.76821863,0
113,96,1037.82882,0
113,119,604.8357953,0
114,56,586.1096759,0
114,57,126.2524103,0
114,59,499.9285541,0
114,60,106.9967994,0
114,79,251.7888687,0
114,80,579.9970365,0
114,81,518.6645277,0
114,86,21.12123738,0
114,87,527.8660646,0
114,91,625.623919,0
114,95,513.8702208,0
114,96,84.87208901,0
114,97,609.1789184,0
114,119,539.9874027,0
115,55,149.3272573,0
115,56,935.0154298,0
115,59,46.15724839,0
115,60,542.9960121,0
115,79,272.6028406,0
115,80,393.8012962,0
115,81,860.7336446,0
115,86,565.0561791,0
115,90,605.2806403,0
115,91,80.5191386,0
115,93,593.6453046,0
115,94,853.6128722,0
115,95,508.889843,0
115,97,533.0361484,0
115,98,132.3907383,0
115,119,460.6976531,0
115,120,382.4971845,0
116,55,193.8585532,0
116,56,345.5898435,0
116,60,538.4735944,0
116,79,306.7780762,0
116,80,406.844906,0
116,86,540.8819799,0
116,90,94.02004381,0
116,92,555.0350061,0
116,93,60.92014914,0
116,94,11.47812864,0
116,95,602.4663825,0
116,96,257.9016418,0
116,118,114.7539359,0
116,119,657.4147705,0
116,120,218.313521,0
117,55,541.4772168,0
117,60,556.8125445,0
117,78,274.433282,0
117,79,489.197542,0
117,86,60.36949746,0
117,92,534.43963,0
117,96,461.6824713,0
117,97,209.4660048,0
117,118,601.8097175,0
118,54,163.9404185,0
118,55,443.0733698,0
118,60,525.92779,0
118,78,60.35924401,0
118,92,507.3195355,0
118,97,13.32273699,0
119,53,332.6831099,0
119,54,480.4090514,0
119,60,836.0863775,0
119,92,344.1415319,0
120,51,277.6652969,0
120,52,616.7927107,0
120,53,457.5804036,0
120,60,543.2525517,0
121,51,658.5055641,0
121,60,833.877958,0
121,61,526.6555052,0
122,51,546.5577193,0
122,60,555.1366129,0
122,61,374.3861138,0
122,62,570.6391434,0
123,51,575.2209931,0
123,60,299.945167,0
123,62,134.4170069,0
123,63,98.80801314,0
124,51,228.1222861,0
124,52,310.7082627,0
125,52,589.5794331,0
126,52,311.2881778,0
126,53,590.6455401,0
126,54,357.38686,0
